,date,marketcap,price,txVol,meanFee
1001,2017-07-06,50931761.835,0.0037979999999999997,648624.918496,0.20483551192842941
1002,2017-07-07,63058671.2266,0.004703,433213.360541,0.21440604155672824
1003,2017-07-08,45966264.3927,0.003428,233488.444308,0.3286167819148936
1004,2017-07-09,52298804.5193,0.0039,243717.31180999998,0.26751844767899297
1005,2017-07-10,49043739.986,0.003658,477119.103039,0.2908938453125
1006,2017-07-11,36115566.3131,0.002693,276764.07484200003,0.1341178570474282
1007,2017-07-12,32791708.921,0.002445,188982.926023,0.19682144996642043
1008,2017-07-13,38054357.0956,0.002838,199003.100669,0.18372768919968918
1009,2017-07-14,35462933.5287,0.0026449999999999998,119829.688945,0.20746132125205932
1010,2017-07-15,31524025.2896,0.0023510000000000002,102714.03105800001,0.17423592086956521
1011,2017-07-16,28472188.1862,0.002123,88039.9367206,0.664875175883953
1012,2017-07-17,26802239.7172,0.001999,122714.839905,0.32875925224416513
1013,2017-07-18,32485545.0917,0.0024230000000000002,140070.70769500002,0.5340189309484193
1014,2017-07-19,37044106.9796,0.002763,316656.577088,0.15997583810463967
1015,2017-07-20,34181583.483,0.002549,133953.156849,0.1414385394112061
1016,2017-07-21,44055242.235,0.003285,164120.90009500002,0.13275690600522194
1017,2017-07-22,40773561.9658,0.003041,125069.572833,0.290104023023023
1018,2017-07-23,46305112.2964,0.003453,243489.783861,0.42889117677286737
1019,2017-07-24,45344152.5405,0.003382,198595.531789,0.3029997835153922
1020,2017-07-25,46221341.7635,0.003447,169223.931099,0.2502283350151362
1021,2017-07-26,39130921.1752,0.002918,209015.474904,0.15682741501294217
1022,2017-07-27,38258909.8841,0.002853,136988.946555,0.31759108310749773
1023,2017-07-28,39631808.4059,0.002955,311013.467465,0.1689107959390863
1024,2017-07-29,38042413.3018,0.002837,161116.577228,0.30064673214285714
1025,2017-07-30,39729309.8468,0.002963,175876.396146,0.3698005483234714
1026,2017-07-31,39331539.6767,0.002933,1402631.2796399998,0.29363483710801397
1027,2017-08-01,40683806.176,0.003034,282459.41880100005,0.2851078089068826
1028,2017-08-02,40978657.4496,0.0030559999999999997,332856.02148,0.22305502609992542
1029,2017-08-03,39876294.2695,0.0029739999999999996,467841.77423100005,0.3479115359801489
1030,2017-08-04,39990158.3794,0.002982,263368.047554,0.2961283382226057
1031,2017-08-05,40960195.4041,0.003055,161083.160473,0.1483683613369467
1032,2017-08-06,45406366.9157,0.003386,173382.54168599998,0.24003256010016696
1033,2017-08-07,44917581.8331,0.00335,495268.884388,0.13827557788539144
1034,2017-08-08,45033978.7154,0.003358,444137.486812,0.16180375811437403
1035,2017-08-09,44471959.6462,0.0033159999999999995,321890.61615,0.21883332542927228
1036,2017-08-10,42142724.208000004,0.003143,637024.104572,0.20032470693686674
1037,2017-08-11,34817104.4869,0.0025960000000000002,298768.82255,0.24575805229681977
1038,2017-08-12,31830420.4754,0.002374,311168.015187,0.15450562845188284
1039,2017-08-13,37874140.7816,0.0028239999999999997,286592.07782,0.13420569005847954
1040,2017-08-14,31598206.7551,0.002356,327671.217878,0.1516748645200486
1041,2017-08-15,26109041.3355,0.001947,218746.125383,0.25495567852906287
1042,2017-08-16,35643515.7916,0.0026579999999999998,166982.627825,0.16862345338345866
1043,2017-08-17,33551712.4843,0.002502,145643.341407,0.23734053916725475
1044,2017-08-18,33279234.2481,0.002482,251945.087504,0.25280494025522043
1045,2017-08-19,27546294.6369,0.002054,129293.13213900001,0.3048125232035928
1046,2017-08-20,27797311.1416,0.002073,84788.0443673,0.23370124619085805
1047,2017-08-21,28292875.0221,0.0021100000000000003,154973.432567,0.14179802290076338
1048,2017-08-22,27376637.5069,0.002042,67123.86673,0.4895098735144312
1049,2017-08-23,27939593.6361,0.002084,205731.507357,0.40162757998483706
1050,2017-08-24,30540647.9915,0.002278,215604.466437,0.5951270491452991
1051,2017-08-25,31356836.0629,0.002338,144273.984172,0.7865598554687501
1052,2017-08-26,30447904.6535,0.002271,809650.8998850001,0.972907254529767
1053,2017-08-27,33186072.4837,0.002475,382059.828689,0.5047549160545646
1054,2017-08-28,41403379.7362,0.003088,758882.213358,0.3482889642497482
1055,2017-08-29,48266688.0424,0.003599,1133930.62869,0.13641577670454547
1056,2017-08-30,47430142.546000004,0.0035369999999999998,319200.890762,0.5429890887918486
1057,2017-08-31,68718387.3925,0.005125,1915956.2868400002,0.2891873789388635
1058,2017-09-01,85763270.3272,0.006396,1303390.70848,0.3381561921994371
1059,2017-09-02,71301634.2206,0.0053170000000000005,573903.7724949999,0.3970204049499737
1060,2017-09-03,66158638.2693,0.004934,1043212.6977700001,0.20889101474326385
1061,2017-09-04,76784746.1198,0.005726,2393155.63026,0.3221947876830319
1062,2017-09-05,78523459.9982,0.005856,2684233.9391,0.22083024383954153
1063,2017-09-06,90110623.1905,0.00672,2058358.93758,0.18335267589466575
1064,2017-09-07,104074446.38700001,0.007761,1961872.7737900002,0.20080997275699236
1065,2017-09-08,98806314.1267,0.007368,1554532.41036,0.19618176146788993
1066,2017-09-09,91723695.8099,0.006840000000000001,1282989.7546899999,0.1429748166160081
1067,2017-09-10,92333914.7604,0.006886,4849283.17939,0.22161440135478408
1068,2017-09-11,106579047.91700001,0.007948,1026894.87465,0.24726451618837378
1069,2017-09-12,101709540.608,0.007585,1431187.6645799999,0.2899969897161662
1070,2017-09-13,94113820.4269,0.007018000000000001,862660.851444,0.26808930621140575
1071,2017-09-14,85257062.5991,0.006358,707444.038603,0.3791129884566054
1072,2017-09-15,62660107.6187,0.004673,1041536.17741,0.26467351710620096
1073,2017-09-16,70632830.3006,0.005267,1512080.5302600001,0.41966173304263565
1074,2017-09-17,79177320.0895,0.005905,600475.655497,0.3485106632047478
1075,2017-09-18,79276799.6775,0.005912,956038.678592,0.29401151633686146
1076,2017-09-19,87500689.481,0.006525,701700.862997,0.18312202583209142
1077,2017-09-20,84998228.9164,0.006339,477900.42265100003,0.1614304129032258
1078,2017-09-21,84754366.9273,0.00632,2341757.48941,0.42939503967828424
1079,2017-09-22,73807790.2453,0.005504,877982.1737719999,0.26282483428899084
1080,2017-09-23,71593301.3226,0.005339,164389.566448,0.18788389163879599
1081,2017-09-24,74659285.2557,0.005568,205548.09644000002,0.35024847034644746
1082,2017-09-25,77799061.0984,0.005802000000000001,1180414.42979,0.2350157296983759
1083,2017-09-26,80706568.5033,0.006019,1303300.69539,0.32458214294367044
1084,2017-09-27,83928962.1706,0.006259000000000001,1018924.1124799999,0.19851741373626375
1085,2017-09-28,85743066.1519,0.0063939999999999995,601211.856689,0.17504460198714206
1086,2017-09-29,86602702.3,0.006458,997729.757615,0.2776362895059208
1087,2017-09-30,91184411.1111,0.0068,1254151.51706,0.25355021334632244
1088,2017-10-01,93220582.9126,0.006952,1046165.4697799999,0.48950920376319423
1089,2017-10-02,95469392.8375,0.0071200000000000005,11778633.6316,0.6003397210865304
1090,2017-10-03,96390314.4269,0.007188,4114058.807,0.27282813632286995
1091,2017-10-04,90776125.24,0.00677,3637121.87398,0.43773350485436896
1092,2017-10-05,85208958.6181,0.006354,2368350.87046,0.3307624124872057
1093,2017-10-06,83956706.2913,0.006261,2011480.5387099998,0.4701483980280229
1094,2017-10-07,89013048.4277,0.006638,2056464.7464400001,0.32996816008004
1095,2017-10-08,86209011.0975,0.006429000000000001,1796075.67512,0.41218096370967744
1096,2017-10-09,70892889.6086,0.005287,1748297.93155,0.31565943476337904
1097,2017-10-10,79649936.84,0.005651,2684618.7593,0.31304648042704625
1098,2017-10-11,78056580.0085,0.005538,1638448.71606,0.32432437247608925
1099,2017-10-12,79717597.8547,0.005652,2659056.1421,0.2836834258555133
1100,2017-10-13,72342705.7932,0.005128,1803942.4388700002,0.2654152422928709
1101,2017-10-14,74121938.7808,0.005252000000000001,1435133.53333,0.20309764455500276
1102,2017-10-15,71144556.0461,0.00504,1470631.11144,0.28934848866631524
1103,2017-10-16,77133585.4634,0.005463,1872054.80312,0.5593792571127503
1104,2017-10-17,72799509.21100001,0.005154,5509010.44202,0.45548425333993076
1105,2017-10-18,68847542.7844,0.004873,2023621.63163,0.38719702474351236
1106,2017-10-19,71129939.1266,0.005033,2318535.34403,0.5704179225736096
1107,2017-10-20,69361181.2151,0.004907,1319024.73017,0.6183954527580557
1108,2017-10-21,62910637.1642,0.004449,1286530.09885,0.4480531366006256
1109,2017-10-22,67989206.2033,0.004807,530133.044917,0.3294277964274715
1110,2017-10-23,66107756.4542,0.004673,658665.2095229999,0.5736823720022308
1111,2017-10-24,65495217.9703,0.004628,2747759.99885,0.4239683456202933
1112,2017-10-25,82012075.9959,0.005794,1108050.17747,0.5468742781690141
1113,2017-10-26,74796866.2149,0.005282,761085.043638,0.5489314506651884
1114,2017-10-27,73384791.9295,0.005181,1201359.9679100001,0.6218514020552344
1115,2017-10-28,75936018.2445,0.00536,1069836.14045,0.4624672647631408
1116,2017-10-29,74650789.6784,0.005268,457021.687534,0.5642899246105918
1117,2017-10-30,73336778.3923,0.005174,1157768.15453,0.3783129734417344
1118,2017-10-31,79384001.9966,0.005599,7306044.62548,0.2295005330243337
1119,2017-11-01,99788841.2841,0.007036,8905340.1306,0.36323317963836477
1120,2017-11-02,87959778.5219,0.0062,3142188.10047,0.5432796500231161
1121,2017-11-03,83811015.044,0.005906000000000001,2729788.38335,0.24235226058894715
1122,2017-11-04,100918612.045,0.007109999999999999,4687608.96538,0.2942549198113208
1123,2017-11-05,109341733.83600001,0.007701,23510193.4659,0.2996936899608866
1124,2017-11-06,120956759.654,0.008517,31054196.018000003,0.2441345913564399
1125,2017-11-07,111888982.423,0.007876000000000001,13574191.9009,0.3969815524893314
1126,2017-11-08,105144258.99200001,0.007398999999999999,4560886.860090001,0.5963718017179671
1127,2017-11-09,112449229.88299999,0.007911,3929129.85461,0.6168884394177813
1128,2017-11-10,106425941.325,0.0074849999999999995,5245517.948469999,0.6581712966006724
1129,2017-11-11,91859581.5582,0.006444,9756291.87519,0.5922952121212122
1130,2017-11-12,88801472.09899999,0.006228,4506124.269730001,0.4080552995867769
1131,2017-11-13,77058113.3423,0.0054020000000000006,3989051.4010099997,0.31887753625436216
1132,2017-11-14,87645339.0142,0.006143,1246677.9682200002,0.3475313452436195
1133,2017-11-15,88700727.1173,0.006215,4671034.8314,0.3261057223147377
1134,2017-11-16,94760155.2195,0.006638,7492686.53082,0.37782727385159015
1135,2017-11-17,90810839.823,0.00636,7931060.01931,0.5604186779045642
1136,2017-11-18,86879786.8688,0.006083,10894843.9889,0.7529871155219926
1137,2017-11-19,86913034.0069,0.006083,10408722.3823,0.5777379965032516
1138,2017-11-20,87456599.5574,0.0061200000000000004,9350979.42502,0.18861089132462686
1139,2017-11-21,82397114.4129,0.005764,10177671.3187,0.16836982507809015
1140,2017-11-22,85796045.5256,0.006,13391438.4378,0.17531891570881228
1141,2017-11-23,82293687.6981,0.005754,15117686.1842,0.17502279324127906
1142,2017-11-24,76947653.4505,0.005378,17170473.7198,0.20918365906099165
1143,2017-11-25,76521811.9832,0.005347,13047168.483,0.8077748644997889
1144,2017-11-26,82508074.6598,0.005764,15199852.4229,0.8418139441663457
1145,2017-11-27,98790671.8502,0.006899,11167803.1644,0.9546315817946226
1146,2017-11-28,94812882.4265,0.00662,10759717.9953,0.7366287950236967
1147,2017-11-29,90594609.1915,0.006324000000000001,13265916.6995,0.7226640237638942
1148,2017-11-30,77889476.9779,0.005435,7257107.81123,0.6726585363951473
1149,2017-12-01,79025372.4496,0.0055130000000000005,4834857.50402,0.6430693082842915
1150,2017-12-02,88929853.7596,0.006202,2960042.45181,0.6773826862292052
1151,2017-12-03,88006164.5765,0.006136,2128082.96364,0.7725174812286689
1152,2017-12-04,98333271.5725,0.006855,2659206.62562,0.5058957889522666
1153,2017-12-05,113631977.77200001,0.007918999999999999,4246634.0878,0.5215002457573853
1154,2017-12-06,109342553.03,0.007618000000000001,6226832.13145,0.3972813551175657
1155,2017-12-07,112958311.859,0.007868,19910819.9708,0.30522784472804615
1156,2017-12-08,124602629.83700001,0.008676999999999999,12244426.207999999,0.2491751445285616
1157,2017-12-09,128069915.065,0.008916,11513689.2086,0.22219805946313284
1158,2017-12-10,125170916.27600001,0.008712000000000001,15668451.7871,0.308400919077261
1159,2017-12-11,118020889.22299999,0.008212,21995697.2143,0.1842639070782663
1160,2017-12-12,128013234.78799999,0.008905,4827250.17911,0.18359451133222776
1161,2017-12-13,132327968.43100001,0.009203,55740712.3677,0.2509297396449704
1162,2017-12-14,208797185.126,0.014516999999999999,53901970.7414,0.22519762133761898
1163,2017-12-15,276788642.287,0.019239,20514399.6505,0.2338246903404463
1164,2017-12-16,269420337.79,0.018721,45856983.2983,0.21747810885711116
1165,2017-12-17,600794342.469,0.041717000000000004,107089526.957,0.21945583652230122
1166,2017-12-18,752912455.56,0.052265,44845207.8043,0.2495722968554887
1167,2017-12-19,858840346.1,0.059601,131786592.615,0.28891864067755885
1168,2017-12-20,1135407125.28,0.07877,483291711.258,0.2520086132033998
1169,2017-12-21,2085027444.28,0.144295,281382066.226,0.2514717215620828
1170,2017-12-22,1859892962.59,0.128681,292497932.264,0.2744404111829297
1171,2017-12-23,1817027843.98,0.125615,297763658.03400004,0.31497981213763554
1172,2017-12-24,3253523495.1,0.224923,7531446505.98,0.2512836179256565
1173,2017-12-25,3718264679.39,0.258386,22751977551.1,0.3265232463164918
1174,2017-12-26,2524606265.15,0.175387,16940648856.4,121.48067542149597
1175,2017-12-27,2843611581.23,0.197493,9054175555.65,4.101014233732767
1176,2017-12-28,1989321441.12,0.138123,10666777911.2,0.434931119673383
1177,2017-12-29,2420743542.94,0.16802999999999998,8186957917.27,0.7819200001385329
1178,2017-12-30,2311703727.73,0.160416,5690756508.46,0.26265092143462276
1179,2017-12-31,2034989672.61,0.141174,7779446412.68,1.0943466937994724
1180,2018-01-01,3197071271.45,0.221716,4027782131.88,3.752365600467423
1181,2018-01-02,2266876831.3,0.157163,1427551336.49,4.342839798871083
1182,2018-01-03,2100100060.43,0.144876,689206187.6810001,3.607042705682721
1183,2018-01-04,2108045465.95,0.14538399999999999,1518397734.44,0.3407006003448514
1184,2018-01-05,2312971580.79,0.159472,1779709148.75,0.39317566638442003
1185,2018-01-06,2624008995.0,0.180864,751620295.1869999,0.4378057086747669
1186,2018-01-07,2543150881.71,0.175244,557151355.4319999,0.3509197283496732
1187,2018-01-08,2621602374.68,0.1806,1214193178.8,0.3419991200543643
1188,2018-01-09,2573725803.05,0.177253,1610139083.16,0.5080062294176707
1189,2018-01-10,2821978799.22,0.194296,754631456.032,0.3160371654098759
1190,2018-01-11,2461628364.72,0.169438,1037989981.07,0.32783501823138067
1191,2018-01-12,2091894974.15,0.143948,1260387857.44,0.34699262488932614
1192,2018-01-13,2316595070.49,0.159047,1196923412.37,0.33701454505185824
1193,2018-01-14,2279341872.7,0.156392,951952617.147,0.351296539306847
1194,2018-01-15,2006865146.51,0.137658,698593397.9319999,0.5209612216210366
1195,2018-01-16,1686070404.25,0.115621,1077530149.2,0.2928924124737538
1196,2018-01-17,1239250845.97,0.084451,513128457.568,0.3306364454522336
1197,2018-01-18,1346705425.56,0.091741,230317555.41099998,0.31804195816475855
1198,2018-01-19,1655322785.66,0.112719,63877364.1693,0.32899289251377334
1199,2018-01-20,1585882452.63,0.10753599999999999,342572201.523,0.27556030043703245
1200,2018-01-21,1582262512.89,0.10913199999999999,263763926.533,0.27294997324635345
1201,2018-01-22,1521227338.42,0.104893,103498342.091,0.3800061043439319
1202,2018-01-23,1369277435.08,0.094389,190516897.529,0.40341398943089435
1203,2018-01-24,1352596611.33,0.093213,156908310.072,0.2634200704449152
1204,2018-01-25,1376253395.77,0.094816,138860303.437,0.24014314923451135
1205,2018-01-26,1300188186.72,0.089551,88805313.2206,0.3292002832288401
1206,2018-01-27,1276972905.76,0.08792699999999999,47998814.7069,0.3256336407851061
1207,2018-01-28,1372826355.75,0.0945,11273567.415,0.30759139074960123
1208,2018-01-29,1330918997.06,0.09158999999999999,19353508.6716,0.4252469943702751
1209,2018-01-30,1241141152.04,0.085387,30150544.0593,0.3561315557204089
1210,2018-01-31,1001814480.82,0.06890299999999999,68961037.1903,0.25931129443498013
1211,2018-02-01,1014657541.61,0.069766,19745696.389000002,0.2551992974940501
1212,2018-02-02,848370390.58,0.058316,115893772.42799999,0.24729174937177625
1213,2018-02-03,792797662.527,0.054480999999999995,110108559.52200001,0.24891378991234375
1214,2018-02-04,943784178.2210001,0.06483799999999999,95453189.9503,0.26183955641470724
1215,2018-02-05,783806342.396,0.053833000000000006,116360580.76,0.24955504351610094
1216,2018-02-06,629777240.2590001,0.043242,106715776.912,0.23652711466142312
1217,2018-02-07,750474022.968,0.051515,240211895.045,0.2457265249584027
1218,2018-02-08,698126666.858,0.047908,97961374.5478,0.2533373048758707
1219,2018-02-09,761556062.765,0.052246,145241080.25100002,0.3244303497521685
1220,2018-02-10,841268506.008,0.057698,159454181.746,0.3995691893491124
1221,2018-02-11,825835943.975,0.056624,75891529.3287,0.4891399301928657
1222,2018-02-12,752908563.122,0.051609,100485698.95899999,0.477287446183953
1223,2018-02-13,816701107.23,0.055965999999999995,36208108.0377,0.5169987532878308
1224,2018-02-14,782939257.0589999,0.052964,131706893.733,0.5200488847869558
1225,2018-02-15,866092790.0569999,0.058570000000000004,105435186.963,0.5787571435692921
1226,2018-02-16,875860483.673,0.059213,86689307.6603,0.629933590397351
1227,2018-02-17,996703895.822,0.068229,163051851.03100002,0.6047125905354627
1228,2018-02-18,1303377498.65,0.089199,51118606.2941,0.5892959277033344
1229,2018-02-19,1102742248.56,0.075447,37851975.4644,0.5404371889835667
1230,2018-02-20,1204898971.0,0.082414,161804493.32700002,0.5549367811045609
1231,2018-02-21,1022910650.42,0.06994600000000001,131760073.535,0.5649127369684499
1232,2018-02-22,947014847.3210001,0.064739,70298881.1103,0.6039057757654966
1233,2018-02-23,864378574.4330001,0.059073,36784264.4142,0.5929100235408561
1234,2018-02-24,897443233.9310001,0.061315999999999996,26589355.7131,0.585109532832618
1235,2018-02-25,838396548.1010001,0.057264999999999996,28435072.8881,0.6129030031434185
1236,2018-02-26,855669987.0830001,0.058428999999999995,23310216.4271,0.5880153866086956
1237,2018-02-27,894765719.366,0.061082000000000004,25540805.1815,0.6559614299047619
1238,2018-02-28,880734574.879,0.06010700000000001,16491498.0694,0.3105950295401403
1239,2018-03-01,787098356.579,0.053702,48112506.4294,0.4719800845539281
1240,2018-03-02,863382322.095,0.05889,53085758.8722,0.6177550644968051
1241,2018-03-03,874150760.3560001,0.059608,39125607.9671,0.5878288431648883
1242,2018-03-04,817123530.86,0.055704,33481676.1361,0.5820956140808343
1243,2018-03-05,823257677.017,0.056107000000000004,40847939.0739,0.5023443422798087
1244,2018-03-06,803643201.9089999,0.054755,31209062.3087,0.5620573269968318
1245,2018-03-07,720671879.9269999,0.049088,22266450.3801,0.5364382751567632
1246,2018-03-08,632989200.585,0.043104,11569709.8714,0.5730454026769877
1247,2018-03-09,566136697.522,0.038541000000000006,16767617.4499,0.5998544543775965
1248,2018-03-10,576386494.564,0.039218,6252019.76626,0.5909194891759777
1249,2018-03-11,532287921.59800005,0.036216000000000005,2756558.94557,0.600096859522908
1250,2018-03-12,574515113.0,0.039077999999999995,8357909.734110001,0.5228804827094474
1251,2018-03-13,549908753.014,0.037394,6051227.67627,0.575659107797703
1252,2018-03-14,531903907.166,0.036160000000000005,18817426.1863,0.5424327768381084
1253,2018-03-15,461474477.36,0.031363,10551407.5702,0.5627828443997318
1254,2018-03-16,465291519.708,0.031613999999999996,11675559.6723,0.5574650945773234
1255,2018-03-17,486939270.45699996,0.033076,13226032.3875,0.49342786541737643
1256,2018-03-18,418308519.46300006,0.028406,14229827.4054,0.5175491566326531
1257,2018-03-19,437797487.83800006,0.029720999999999997,10843743.5866,0.5450024069186876
1258,2018-03-20,466105451.435,0.031633999999999995,9288022.68699,0.5750794167859699
1259,2018-03-21,514281617.32699996,0.034894,7353372.92315,0.5788378624787776
1260,2018-03-22,494743234.439,0.033559,17105373.5505,0.6067886654565257
1261,2018-03-23,570387384.83,0.03868,24798361.745,0.6003183986243552
1262,2018-03-24,573440217.548,0.038876,27001798.9957,1.079582386829481
1263,2018-03-25,655154052.048,0.044403,29703168.1186,0.6043017975327679
1264,2018-03-26,602613395.97,0.040831,46709959.2878,0.5857999142023604
1265,2018-03-27,671786517.795,0.045505000000000004,33285601.8233,0.5192602955748227
1266,2018-03-28,589967070.873,0.039952,11222846.4452,0.4870063367477592
1267,2018-03-29,621348530.916,0.042066,12970636.1206,0.5226821627756161
1268,2018-03-30,542877341.4990001,0.036743,16951382.8041,0.43094788568950565
1269,2018-03-31,532010635.77099997,0.035998,10150071.2268,0.43352865820613956
1270,2018-04-01,575095983.415,0.038902,18130133.335,0.46123084450557406
1271,2018-04-02,648939201.766,0.043885,19170060.4104,0.44455549134856687
1272,2018-04-03,708047299.509,0.047869,147453250.633,0.47454585110160596
1273,2018-04-04,1037910296.64,0.070133,58361423.5729,0.5331120200878845
1274,2018-04-05,849658115.671,0.057311,17321097.6748,0.5413299217342342
1275,2018-04-06,807285487.94,0.054386000000000004,8873001.4664,0.3519669480440098
1276,2018-04-07,871791395.546,0.058714999999999996,7747973.93453,0.25381261662955984
1277,2018-04-08,955018611.668,0.064303,10219608.8699,0.26926334502123983
1278,2018-04-09,1006159612.42,0.067728,63799260.3162,0.4035361030942044
1279,2018-04-10,1149987673.34,0.077388,80119371.9368,0.4075130476747587
1280,2018-04-11,1242240509.33,0.08357300000000001,50501566.3408,0.3216924717232202
1281,2018-04-12,1235847586.91,0.083121,32598685.1798,0.31742999896871776
1282,2018-04-13,1338497116.93,0.09,36004556.1011,0.3480579335154827
1283,2018-04-14,1365569932.85,0.091795,45273502.7704,0.33849887320658706
1284,2018-04-15,1289796893.28,0.08667799999999999,36652489.4485,0.34621536572960343
1285,2018-04-16,1348084141.46,0.09057,50638643.3903,0.3567399230769231
1286,2018-04-17,1383166829.69,0.092902,164746604.252,0.3440614017565642
1287,2018-04-18,1061532922.24,0.07128,56878577.4732,0.3433536147135417
1288,2018-04-19,975720731.646,0.0655,31924490.4831,0.32535742616664504
1289,2018-04-20,1080149732.12,0.07249,29603832.6541,0.33317089710896963
1290,2018-04-21,1032696088.95,0.069287,13034619.8149,0.3410335790265931
1291,2018-04-22,1017627762.06,0.068257,14519533.5179,0.26548287008278443
1292,2018-04-23,1018709485.37,0.068311,23872098.6968,0.28398706071129975
1293,2018-04-24,1026169057.03,0.06879199999999999,40027485.359,0.3000973603145509
1294,2018-04-25,1024999623.21,0.068695,29865663.4793,0.2828537636743986
1295,2018-04-26,925653081.6060001,0.062020000000000006,26090874.2476,0.27938857329877725
1296,2018-04-27,1050933388.72,0.070395,54423595.4189,0.26220358354842327
1297,2018-04-28,1010208936.38,0.067649,16843334.0023,0.24949581781125849
1298,2018-04-29,1085379499.56,0.072663,27807319.8951,0.2641046180306788
1299,2018-04-30,1050804485.33,0.070329,81542610.366,0.29892213923303834
1300,2018-05-01,1145694380.25,0.076659,80115208.4656,0.29397521783324104
1301,2018-05-02,1185402399.13,0.079294,1712389383.77,0.24455549346343314
1302,2018-05-03,1209667963.43,0.08089500000000001,71292141.4833,0.26229818580422304
1303,2018-05-04,1192387108.61,0.079717,29977488.525,0.33162757325816106
1304,2018-05-05,1192934027.23,0.07973200000000001,14444397.3268,0.31643392083114147
1305,2018-05-06,1185610949.62,0.079221,23251746.3769,0.3008393944661654
1306,2018-05-07,1136465145.76,0.075917,40804144.5644,0.3240288382322429
1307,2018-05-08,1132185862.18,0.07561,37528468.5548,0.34149472605872805
1308,2018-05-09,1109725236.47,0.07409500000000001,30560265.7977,0.3590128760866467
1309,2018-05-10,1134154594.02,0.07571599999999999,21578905.1413,0.38329448019207685
1310,2018-05-11,1040015540.07,0.069423,40815908.9641,0.42238859245764254
1311,2018-05-12,877741734.303,0.058583,12861560.0341,0.37369147911727163
1312,2018-05-13,872186585.898,0.05820499999999999,9530303.474310001,0.33903513673751934
1313,2018-05-14,930817561.9410001,0.062110000000000005,13096027.4569,0.38791473440493934
1314,2018-05-15,892596223.647,0.059552,19808660.2736,0.3729450876050421
1315,2018-05-16,846291129.493,0.05645599999999999,21640511.7127,0.34621773578071463
1316,2018-05-17,839568844.725,0.055999999999999994,14690604.9065,0.35244155593253196
1317,2018-05-18,773348813.9380001,0.051577,7225011.680760001,0.3678269004797501
1318,2018-05-19,804248428.298,0.05363099999999999,8403187.092260001,0.34287425068550936
1319,2018-05-20,797889451.152,0.0532,8622716.0399,0.3183483839583503
1320,2018-05-21,849794256.3080001,0.056661,5805103.09499,0.4034521321289409
1321,2018-05-22,810811345.129,0.054062,12572779.7506,0.24797343445599102
1322,2018-05-23,697957540.493,0.046537,3225302.90631,0.14799677494548463
1323,2018-05-24,612080823.0669999,0.040811,2288107.49042,0.15143447010603225
1324,2018-05-25,659464275.089,0.04397,4897267.18528,0.14710663961124243
1325,2018-05-26,618081824.411,0.041211000000000005,1422296.33656,0.2259371160479042
1326,2018-05-27,597536073.851,0.039841,1777069.94596,0.2325355528557599
1327,2018-05-28,598538368.5519999,0.039908,5817133.1536,0.2858647869220764
1328,2018-05-29,528743030.574,0.035255,16591661.7241,0.4083004467226176
1329,2018-05-30,579811510.266,0.03866,7837316.33874,0.4093446050511124
1330,2018-05-31,570066148.732,0.037867000000000005,5371165.2545300005,0.4030909403323263
1331,2018-06-01,588474719.44,0.03909,3749006.1812400003,0.35892076773566567
1332,2018-06-02,579376122.168,0.038486,5815008.167719999,0.41294979295580114
1333,2018-06-03,615083454.485,0.040858,10362466.7217,0.4002537335016228
1334,2018-06-04,639641191.75,0.042489,14042902.7277,0.37671471253103356
1335,2018-06-05,594814070.5580001,0.039511000000000004,6778256.301109999,0.4005013455504463
1336,2018-06-06,595932454.763,0.039586,4947760.22045,0.3829525174184594
1337,2018-06-07,583059745.354,0.03873,7135466.7634,0.3695030537988267
1338,2018-06-08,574621753.686,0.038169999999999996,6540014.520819999,0.3663020756859035
1339,2018-06-09,587389283.731,0.039018000000000004,2399134.16648,0.48634525683952634
1340,2018-06-10,556774119.998,0.036983999999999996,5420437.74283,0.552379026277104
1341,2018-06-11,471914912.185,0.031347,8521303.701539999,0.5961229992376595
1342,2018-06-12,483397552.79,0.03211,6776920.8540199995,0.5830032079353417
1343,2018-06-13,418772054.373,0.027817,7662536.2087199995,0.5674574480706469
1344,2018-06-14,409210480.57,0.027181999999999998,6093756.1914099995,0.5851596843663275
1345,2018-06-15,453539752.0,0.030126999999999998,5739625.308569999,0.46773875341560156
1346,2018-06-16,422094403.677,0.028038,2204993.00201,0.45556760062141494
1347,2018-06-17,423839199.198,0.028154000000000002,2262285.6168299997,0.4453315757981693
1348,2018-06-18,420479211.03300005,0.027931,4133205.5102699995,0.49607355284916205
1349,2018-06-19,439884162.958,0.02922,3986367.5533199995,0.4764427264071096
1350,2018-06-20,452245139.09099996,0.030041,2770821.23618,0.5206256625807889
1351,2018-06-21,437061572.515,0.029032,5302982.09265,0.5232412477999072
1352,2018-06-22,421950519.436,0.028029000000000002,5369979.834869999,0.5699986631236443
1353,2018-06-23,368626003.411,0.024486,2769302.53272,6.62687664866828
1354,2018-06-24,367158156.867,0.024388999999999997,4530573.513719999,0.5658789052723693
1355,2018-06-25,356721081.384,0.023696000000000002,2259172.85553,0.5632143159616733
1356,2018-06-26,361130905.90699995,0.023988,1696338.03674,0.5074418046189377
1357,2018-06-27,338329201.419,0.022474,8370187.66632,0.5135627035052467
1358,2018-06-28,340511940.93700004,0.022619,5012953.2603400005,0.512410539794125
1359,2018-06-29,319801660.019,0.021243,8593265.91995,0.5056098008194856
1360,2018-06-30,340203232.57,0.022598,3496322.6721,0.5015703357697578
1361,2018-07-01,352819955.541,0.023436000000000002,2806094.1742,0.4532614040877155
1362,2018-07-02,374420039.61,0.024871,4560325.96866,0.4635052325680272
1363,2018-07-03,406729676.411,0.027018,2895910.92535,0.4648078218059558
1364,2018-07-04,390862657.53199995,0.025963,6197053.5414,0.4573990197780994
1365,2018-07-05,396182812.46,0.026317,9471340.298080001,0.4402732071984436
1366,2018-07-06,370268494.047,0.024595,8167996.429889999,0.6223708502824858
1367,2018-07-07,364874228.59900004,0.024237,4298845.06925,0.4835270679585877
1368,2018-07-08,395105133.98800004,0.026244999999999997,9364208.70201,0.4493247613483915
1369,2018-07-09,390370293.615,0.025931,11923744.8878,0.5438465890474906
1370,2018-07-10,371839885.951,0.0247,5066165.80734,0.4678512521294719
1371,2018-07-11,321310038.976,0.021343,3029467.99411,0.3836425589929592
1372,2018-07-12,333861113.967,0.022177000000000002,1694822.52682,0.3237571978740801
1373,2018-07-13,323863489.765,0.021513,2043548.95824,0.4001276035741737
1374,2018-07-14,330949549.62299997,0.021984,2078887.6531599998,0.3798584481772695
1375,2018-07-15,330454413.392,0.021951,5507483.510430001,0.34852682373817034
1376,2018-07-16,347457790.448,0.02308,12365319.8789,0.3900787833748324
1377,2018-07-17,374440265.769,0.024873,12329478.2355,0.4353861310357886
1378,2018-07-18,394320704.845,0.026193,18214823.8113,0.4549544077612827
1379,2018-07-19,393140335.964,0.026115,10864915.2738,0.41089074976113743
1380,2018-07-20,379368751.64,0.0252,10210891.3159,0.46082812751540037
1381,2018-07-21,342738667.138,0.022767,4289188.5261699995,0.4370796680833839
1382,2018-07-22,351977624.866,0.02338,6799114.71387,0.3430664602316673
1383,2018-07-23,340337446.55,0.022607,7019124.346960001,0.4742647899757067
1384,2018-07-24,342012031.674,0.022542,7992608.153969999,0.4643101437302839
1385,2018-07-25,354338252.495,0.023355,7564272.67675,0.3944374992019861
1386,2018-07-26,369603982.905,0.024361,7319590.92253,0.3867252106939203
1387,2018-07-27,349355406.769,0.023025999999999998,4678983.91995,0.37576034996482743
1388,2018-07-28,357615152.773,0.023571,5877004.88576,0.36142812715752676
1389,2018-07-29,359792373.494,0.023714,3930013.1780199995,0.33906627355460384
1390,2018-07-30,361480882.069,0.023825,4453659.969330001,0.44252203135183704
1391,2018-07-31,367425483.239,0.024217,11634477.7936,0.4823782085356893
1392,2018-08-01,370888678.268,0.024446000000000002,5103019.16412,0.37774551764137265
1393,2018-08-02,346038347.503,0.022808000000000002,2007305.9192700002,0.3975653847902098
1394,2018-08-03,317712175.554,0.020941,5129062.45202,0.3651284855112083
1395,2018-08-04,299550593.832,0.019743,2585163.3215900003,0.35943565222305957
1396,2018-08-05,281349679.546,0.018544,1405643.06982,0.3297503923632935
1397,2018-08-06,288359072.988,0.019006,1812212.6356400002,0.4144428322791712
1398,2018-08-07,274951709.618,0.018122,1299882.0948700001,0.3854454773042616
1399,2018-08-08,263055377.146,0.017338,5547602.20928,0.38951355849334407
1400,2018-08-09,229542878.247,0.015128999999999998,2354378.20144,0.38800197009386594
1401,2018-08-10,237517309.77400002,0.015655000000000002,1176776.07636,0.4340838091087383
1402,2018-08-11,213107120.247,0.014046000000000001,1187768.81801,0.4232594439210408
1403,2018-08-12,201086300.126,0.013253999999999998,935764.661576,0.34053033082062706
1404,2018-08-13,202193239.335,0.013327,1564755.69552,0.3902263251360612
1405,2018-08-14,179130540.925,0.011807,2670703.84796,0.37148830936780586
1406,2018-08-15,173688519.406,0.011448,1237154.98044,0.3918264136147321
1407,2018-08-16,174149614.847,0.011478,1495856.10423,0.3713243068739771
1408,2018-08-17,179862738.91900003,0.011855,2872357.2011,0.4033805802743042
1409,2018-08-18,233547305.366,0.015393,925678.56515,0.37299636763468014
1410,2018-08-19,209526507.905,0.01381,634538.4632260001,0.324118551851202
1411,2018-08-20,216878352.79900002,0.014294999999999999,1622429.87565,0.3911799616805171
1412,2018-08-21,198925752.685,0.013111000000000001,3300174.77287,0.28479863324538257
1413,2018-08-22,199508164.215,0.01315,2024464.72045,0.33481357486470237
1414,2018-08-23,190188033.107,0.012535,3306424.81337,0.37791290907245795
1415,2018-08-24,194904891.33900002,0.012846000000000002,1851536.84585,0.3497654195989406
1416,2018-08-25,206687832.76900002,0.013623,880531.735983,0.2660271161808196
1417,2018-08-26,210092482.09,0.013847,1173861.858,0.2616834164438503
1418,2018-08-27,207819240.722,0.013696999999999999,5961355.356459999,0.3111364101265822
1419,2018-08-28,219519319.92700002,0.014469,3041365.29816,0.3297251272401434
1420,2018-08-29,238887736.878,0.015745,3024782.06286,0.3216925516885415
1421,2018-08-30,224193173.73900002,0.014777,3751122.7078199997,0.3088101437258974
1422,2018-08-31,215200868.64200002,0.014184,3237388.25367,0.3084149106738392
1423,2018-09-01,220672986.85099998,0.014544999999999999,3648800.7835800005,0.3403733344851417
1424,2018-09-02,267922432.208,0.017659,5068796.236930001,0.2879736775585696
1425,2018-09-03,283182281.225,0.018665,6143227.02431,0.29093056036414566
1426,2018-09-04,274733102.546,0.018108000000000003,4375063.61224,0.2758683975348774
1427,2018-09-05,276418328.56200004,0.018219,3989501.6395099997,0.2648709380234506
1428,2018-09-06,220594504.20400003,0.014538999999999998,3075637.86284,0.2750237746442432
1429,2018-09-07,222445966.70099998,0.014661000000000002,1883780.9511799999,0.271352023235923
1430,2018-09-08,212134471.845,0.013982,2232074.4731,0.26700170263658607
1431,2018-09-09,196895729.005,0.012978,1876187.7637,0.24603453011895723
1432,2018-09-10,196128015.469,0.012927000000000001,1990445.5991900002,0.27003648500488214
1433,2018-09-11,193757976.36900002,0.012771,3122728.4909599996,0.2769687593038822
1434,2018-09-12,186041560.882,0.012262,1611014.74536,0.26343862561863174
1435,2018-09-13,195724260.30200002,0.0129,1758519.32276,0.2666066714830971
1436,2018-09-14,204890013.83900002,0.013503999999999999,1744617.94841,0.24844486661404896
1437,2018-09-15,201976782.038,0.013312000000000001,1271433.04231,0.265358400464756
1438,2018-09-16,205424062.031,0.01354,861300.149334,0.2624916243867244
1439,2018-09-17,208966772.301,0.013772999999999999,2401215.9986400004,0.27936817545748116
1440,2018-09-18,193747538.64900002,0.01277,1651266.27477,0.2964052568542569
1441,2018-09-19,202553346.95,0.01335,3143395.6701700003,0.27843010869884116
1442,2018-09-20,205508721.64,0.013544999999999998,1982498.7568599998,0.290453358675572
1443,2018-09-21,221493124.468,0.014599,5434712.68779,0.32010632424758656
1444,2018-09-22,243668620.79400003,0.016059999999999998,2482986.58624,0.27498510235457063
1445,2018-09-23,226270569.39,0.014913999999999998,1822410.00388,0.2971121130178308
1446,2018-09-24,232112932.838,0.015299,1591562.9546100001,0.3135740878598991
1447,2018-09-25,218502099.676,0.014402000000000002,1153016.83237,0.2782107399023524
1448,2018-09-26,211031583.7,0.013909,1533443.84272,0.2668112190968527
1449,2018-09-27,210712779.08,0.013888,1667150.84027,0.3549042193140794
1450,2018-09-28,224735234.41599998,0.014812,3577712.39516,0.37547528352490417
1451,2018-09-29,217033751.07299998,0.014305000000000002,1532071.78705,0.39112490906547287
1452,2018-09-30,224094662.64,0.014769999999999998,2354197.9357,0.35777370584538026
1453,2018-10-01,229873683.03599998,0.015151,5619913.52914,0.3520577658233173
1454,2018-10-02,248237079.004,0.016361,3455286.3464699998,0.3545465580993521
1455,2018-10-03,229052983.344,0.015097,1462788.55915,0.35241772716229347
1456,2018-10-04,224895831.474,0.014823,1506154.00008,0.3637683075791023
1457,2018-10-05,237159441.25599998,0.015631,1794008.12874,0.6095418004115226
1458,2018-10-06,236909054.664,0.015615,1808867.04829,0.3651257276741904
1459,2018-10-07,234863892.222,0.01548,1062152.3020000001,0.33295317496635257
1460,2018-10-08,237526802.383,0.015656,1947211.11229,0.34834093723037096
1461,2018-10-09,244299404.245,0.016102,1143831.03971,0.3435820690759378
1462,2018-10-10,242678978.118,0.015995,2543173.9547,0.35268636993097496
1463,2018-10-11,251413078.61099997,0.016571000000000002,2964930.51287,0.3207944485534044
1464,2018-10-12,213316509.242,0.01406,1118987.90509,0.3594771464242424
1465,2018-10-13,213938547.801,0.014100999999999999,895449.420743,0.3172704150197629
1466,2018-10-14,213264958.335,0.014056,1118768.55829,0.31454100735463114
1467,2018-10-15,212032812.72,0.013975,1449805.38442,0.36830355117472324
1468,2018-10-16,221207468.665,0.014580000000000001,1009090.29945,0.3403623823213326
1469,2018-10-17,216669559.36400002,0.014281,1395795.08452,0.29398554735547355
1470,2018-10-18,219548971.17900002,0.014471000000000001,1495553.6203,0.3646745205965909
1471,2018-10-19,212701968.402,0.014019,1027844.65265,0.3583811591555977
1472,2018-10-20,215026324.755,0.014172,557064.7245680001,0.2877735465768799
1473,2018-10-21,216406958.20599997,0.014263,594490.343172,0.29353252512776834
1474,2018-10-22,218570618.417,0.014406,994692.913683,0.4054951540369248
1475,2018-10-23,214923332.056,0.014166,1481315.95125,0.4303501774056202
1476,2018-10-24,218623797.55200002,0.01441,1203633.56085,0.41396222498118884
1477,2018-10-25,221755209.843,0.014616,819853.885689,0.3573001619969435
1478,2018-10-26,219486910.23900002,0.014466,973155.489721,0.4120044093097913
1479,2018-10-27,221137721.37,0.014575,1273720.48041,0.3532471201595869
1480,2018-10-28,221459291.01900002,0.014596000000000001,892308.7965309999,0.28450165740962413
1481,2018-10-29,222489923.936,0.014663999999999998,1283104.10189,0.392819610479623
1482,2018-10-30,209265505.82599998,0.013793000000000001,1108107.77271,0.38405831258921164
1483,2018-10-31,207047412.562,0.013647,758122.041309,0.3867829874069834
1484,2018-11-01,207422114.05,0.013671,639632.474432,0.39634488946310653
1485,2018-11-02,208951481.187,0.013772,680457.017703,0.3218975513196481
1486,2018-11-03,209998341.933,0.013841,712570.585729,0.3756323837941418
1487,2018-11-04,213164762.54599997,0.01405,1403819.61154,0.36732667962383236
1488,2018-11-05,211866150.07799998,0.013963999999999999,1705977.2292,0.35768394934091496
1489,2018-11-06,204480595.491,0.013546,1507046.6873,0.34214426868829334
1490,2018-11-07,210896564.565,0.0139,612641.385459,0.37841890389527455
1491,2018-11-08,210241153.03,0.013857,883856.8668600001,0.3822949264984227
1492,2018-11-09,205134400.572,0.013519999999999999,975936.907742,0.3542799918743229
1493,2018-11-10,198912080.306,0.01311,824284.2053439999,0.32339766612333604
1494,2018-11-11,200326026.977,0.013203999999999999,792360.899158,0.2897521969766377
1495,2018-11-12,197530015.14400002,0.013019,1199464.2264399999,0.3343175433409874
1496,2018-11-13,193489612.977,0.012753,1288769.44949,0.3277529796311588
1497,2018-11-14,186908468.229,0.012319,2429195.38116,0.3226000797254488
1498,2018-11-15,161338507.559,0.010634000000000001,1877897.9916,0.30757816253229975
1499,2018-11-16,151991618.895,0.010018,878563.4611010001,0.32967557438739786
1500,2018-11-17,147911277.456,0.009748999999999999,830378.600697,0.3303121685254028
1501,2018-11-18,145865947.241,0.009614,5197172.86241,0.2994022945846844
1502,2018-11-19,146424075.20299998,0.009651,1482273.95821,0.34970012823365787
1503,2018-11-20,114970313.25,0.0075780000000000005,1589159.06231,0.35684698934717285
1504,2018-11-21,102622997.862,0.006764,729841.6740189999,0.3375823479803493
1505,2018-11-22,109216603.05399999,0.007199,695105.579501,0.34476017743460446
1506,2018-11-23,100030032.33700001,0.006593000000000001,499534.098767,0.3484569913419914
1507,2018-11-24,96742324.7288,0.006376,476595.760239,0.2901930444074383
1508,2018-11-25,86269209.674,0.005686,678317.306955,0.2940362039099233
1509,2018-11-26,89605532.7598,0.005906000000000001,560687.839513,0.2935492525993884
1510,2018-11-27,84089942.6008,0.005542,659026.856166,0.31901671163625483
1511,2018-11-28,91863285.2402,0.006055,1518890.83628,0.3573945653809972
1512,2018-11-29,124370572.88700001,0.008197,10508874.1129,0.3156359133267522
