date,txVolume(USD),txCount,marketcap(USD),price(USD),exchangeVolume(USD),fees,activeAddresses
2014-08-05,,,936316.681967,0.002976,30316.0,,
2014-08-06,,,863077.158449,0.002373,35820.0,,
2014-08-07,,,1158973.02199,0.002686,142864.0,,
2014-08-08,,,1090403.24089,0.002493,93708.0,,
2014-08-09,,,1363031.75524,0.002884,233579.0,,
2014-08-10,,,1800928.18127,0.003497,352737.0,,
2014-08-11,,,2891385.48705,0.004566,479942.0,,
2014-08-12,,,3069167.44641,0.003592,345441.0,,
2014-08-13,,,2445518.87559,0.002619,256302.0,,
2014-08-14,,,2706109.39488,0.002763,169177.0,,
2014-08-15,,,2596557.07699,0.002566,135243.0,,
2014-08-16,,,2467401.67564,0.002401,116834.0,,
2014-08-17,,,2598081.23021,0.002507,61889.0,,
2014-08-18,,,2436286.49877,0.002336,104237.0,,
2014-08-19,,,2115252.32914,0.002028,66941.0,,
2014-08-20,,,2318500.82812,0.002223,96584.0,,
2014-08-21,,,2595462.86192,0.002488,76029.0,,
2014-08-22,,,2495118.0535,0.002392,50589.0,,
2014-08-23,,,2459989.56102,0.002358,43776.0,,
2014-08-24,,,2333663.05511,0.002237,37470.0,,
2014-08-25,,,2332284.91851,0.002236,38512.0,,
2014-08-26,,,2316314.95853,0.002221,99823.0,,
2014-08-27,,,2379373.01716,0.002281,60132.0,,
2014-08-28,,,2368397.21101,0.00227,90044.0,,
2014-08-29,,,2277735.18589,0.002184,43049.0,,
2014-08-30,,,2314044.95763,0.002218,39116.0,,
2014-08-31,,,2283992.54731,0.00219,22844.0,,
2014-09-01,,,2149765.52687,0.002061,27975.0,,
2014-09-02,,,2095005.96698,0.002008,23793.0,,
2014-09-03,,,2228280.41671,0.001998,36081.0,,
2014-09-04,,,2306456.03333,0.002059,58031.0,,
2014-09-05,,,2396117.00288,0.00213,26119.0,,
2014-09-06,,,2353748.52283,0.002082,31676.0,,
2014-09-07,,,2340130.77299,0.00206,34744.0,,
2014-09-08,,,2331906.09659,0.002042,105569.0,,
2014-09-09,,,2600046.3292,0.002265,51289.0,,
2014-09-10,,,2516076.37796,0.002179,59878.0,,
2014-09-11,,,2605071.35386,0.002244,113300.0,,
2014-09-12,,,2918445.08086,0.0025,117052.0,,
2014-09-13,,,3560039.36134,0.003032,111452.0,,
2014-09-14,,,3656459.10703,0.003096,113315.0,,
2014-09-15,,,3415101.95304,0.002874,72903.0,,
2014-09-16,,,3618751.44849,0.003031,86555.0,,
2014-09-17,,,3586169.00391,0.002988,118073.0,,
2014-09-18,,,3703698.98438,0.003081,205474.0,,
2014-09-19,,,4184919.14773,0.00346,204649.0,,
2014-09-20,,,4769227.8804,0.003936,186971.0,,
2014-09-21,,,4409412.82333,0.00361,145626.0,,
2014-09-22,,,4241942.02685,0.003466,178810.0,,
2014-09-23,,,4910526.45448,0.004007,120447.0,,
2014-09-24,,,4909514.45861,0.003966,163121.0,,
2014-09-25,,,4851767.57584,0.003878,81902.0,,
2014-09-26,,,4528665.44262,0.0036,117908.0,,
2014-09-27,,,3852203.92277,0.003044,44492.0,,
2014-09-28,,,4156602.98614,0.003262,77804.0,,
2014-09-29,,,4058980.70672,0.00317,32858.0,,
2014-09-30,,,4156295.60137,0.003227,21131.0,,
2014-10-01,,,4177007.33924,0.003221,70180.0,,
2014-10-02,,,3772321.63866,0.002888,30542.0,,
2014-10-03,,,3617966.37947,0.002743,34169.0,,
2014-10-04,,,3448029.87431,0.002604,45969.0,,
2014-10-05,,,3232570.17972,0.002441,29396.0,,
2014-10-06,,,3156967.08003,0.002384,34446.0,,
2014-10-07,,,3429085.55946,0.002578,35420.0,,
2014-10-08,,,3242592.87848,0.00242,28232.0,,
2014-10-09,,,3345661.5458,0.002475,11066.0,,
2014-10-10,,,3213184.02079,0.002356,14307.0,,
2014-10-11,,,3174897.05137,0.002308,34909.0,,
2014-10-12,,,3233047.48194,0.002338,76978.0,,
2014-10-13,,,3113176.16355,0.00224,44927.0,,
2014-10-14,,,3228302.03997,0.002309,32533.0,,
2014-10-15,,,3307237.64489,0.002352,46516.0,,
2014-10-16,,,3073890.27981,0.002173,39044.0,,
2014-10-17,,,2959906.90054,0.002081,22242.0,,
2014-10-18,,,2889827.86595,0.002022,27435.0,,
2014-10-19,,,2957186.28374,0.002058,18945.0,,
2014-10-20,,,2919128.20415,0.002021,38282.0,,
2014-10-21,,,2931589.37391,0.002022,26101.0,,
2014-10-22,,,3011277.28319,0.002062,19376.0,,
2014-10-23,,,2959864.314,0.002021,15614.0,,
2014-10-24,,,2810774.0143,0.001915,29512.0,,
2014-10-25,,,2882827.95349,0.001959,13101.0,,
2014-10-26,,,2788616.23802,0.001893,9559.0,,
2014-10-27,,,2866462.05215,0.001941,14396.0,,
2014-10-28,,,2898224.76677,0.001957,73811.0,,
2014-10-29,,,2487026.37087,0.001675,24172.0,,
2014-10-30,,,2520753.5585,0.001696,13179.0,,
2014-10-31,,,2600671.4884,0.001748,10733.0,,
2014-11-01,,,2509690.50775,0.001686,494272.0,,
2014-11-02,,,2308441.25568,0.001549,9242.0,,
2014-11-03,,,2358909.64087,0.001582,15149.0,,
2014-11-04,,,2524524.97945,0.001691,9766.0,,
2014-11-05,,,2547624.67009,0.001704,10617.0,,
2014-11-06,,,2629273.54592,0.001755,13531.0,,
2014-11-07,,,2652466.93898,0.001767,11531.0,,
2014-11-08,,,5910188.5173,0.001687,4483.0,,
2014-11-09,,,6075771.74843,0.001733,12705.0,,
2014-11-10,,,6151314.85047,0.001752,16001.0,,
2014-11-11,,,6304182.52025,0.001794,12534.0,,
2014-11-12,,,6171876.18881,0.001755,15430.0,,
2014-11-13,,,6573049.22253,0.001868,17376.0,,
2014-11-14,,,6291738.03386,0.001787,10411.0,,
2014-11-15,,,6057763.74384,0.00172,5382.0,,
2014-11-16,,,5704120.13073,0.001618,5267.0,,
2014-11-17,,,5778088.80224,0.001638,8443.0,,
2014-11-18,,,5681172.71186,0.00161,16762.0,,
2014-11-19,,,4778234.38243,0.001352,16849.0,,
2014-11-20,,,5479815.12209,0.001549,14782.0,,
2014-11-21,,,5624407.32054,0.001589,10260.0,,
2014-11-22,,,5540259.18187,0.001565,35206.0,,
2014-11-23,,,6409773.48268,0.00181,42071.0,,
2014-11-24,,,7662847.8467,0.002164,13496.0,,
2014-11-25,,,6929244.1412,0.001957,14659.0,,
2014-11-26,,,6729283.52113,0.0019,32114.0,,
2014-11-27,,,7576153.1944,0.002139,544484.0,,
2014-11-28,,,12147678.9532,0.003429,209843.0,,
2014-11-29,,,9956932.37604,0.00281,109351.0,,
2014-11-30,,,8930927.681,0.002521,61162.0,,
2014-12-01,,,7834052.44156,0.002211,73122.0,,
2014-12-02,,,9002640.64384,0.002541,48024.0,,
2014-12-03,,,8535530.62958,0.002409,23620.0,,
2014-12-04,,,8415729.0,0.002375,27557.0,,
2014-12-05,,,8415055.12479,0.002374,20562.0,,
2014-12-06,,,8350845.42584,0.002356,31683.0,,
2014-12-07,,,8533310.04208,0.002407,23877.0,,
2014-12-08,,,8261405.98974,0.00233,34383.0,,
2014-12-09,,,8295260.89996,0.002339,32197.0,,
2014-12-10,,,7982282.65544,0.002251,38567.0,,
2014-12-11,,,8608740.8147,0.002427,44075.0,,
2014-12-12,,,9059774.36119,0.002554,29877.0,,
2014-12-13,,,8953397.16255,0.002524,21918.0,,
2014-12-14,,,9009995.93414,0.002539,27160.0,,
2014-12-15,,,8779877.10256,0.002474,43740.0,,
2014-12-16,,,9130919.89538,0.002573,259325.0,,
2014-12-17,,,11573914.3428,0.003261,883715.0,,
2014-12-18,,,14662669.9203,0.00413,1247810.0,,
2014-12-19,,,21592613.168,0.00608,2205890.0,,
2014-12-20,,,20136104.6571,0.005669,736524.0,,
2014-12-21,,,20909360.8329,0.005886,356552.0,,
2014-12-22,,,21047486.7318,0.005925,329485.0,,
2014-12-23,,,20986780.3552,0.005907,219787.0,,
2014-12-24,,,20516166.3862,0.005774,158568.0,,
2014-12-25,,,18130256.9624,0.005102,244758.0,,
2014-12-26,,,20570831.4785,0.005788,125258.0,,
2014-12-27,,,22019363.8105,0.006195,88666.0,,
2014-12-28,,,21348949.081,0.006005,117923.0,,
2014-12-29,,,20641176.2642,0.005805,93475.0,,
2014-12-30,,,19882029.2923,0.005591,97500.0,,
2014-12-31,,,19488333.1728,0.005479,42091.0,,
2015-01-01,,,19626695.8624,0.005517,20514.0,,
2015-01-02,,,19348689.7406,0.005438,55381.0,,
2015-01-03,,,19474089.0467,0.005473,135921.0,,
2015-01-04,,,16272918.9538,0.004572,137593.0,,
2015-01-05,,,15742660.5664,0.004422,144416.0,,
2015-01-06,,,17692544.2466,0.004969,73403.0,,
2015-01-07,,,17706257.4186,0.004972,84601.0,,
2015-01-08,,,18817219.434,0.005283,222723.0,,
2015-01-09,,,19799284.5841,0.005557,83886.0,,
2015-01-10,,,20046797.418,0.005625,123545.0,,
2015-01-11,,,18460915.867,0.005179,40552.0,,
2015-01-12,,,17967641.3331,0.005039,60808.0,,
2015-01-13,,,17361411.5194,0.004868,131331.0,,
2015-01-14,,,14340123.8907,0.00402,181567.0,,
2015-01-15,,,15456685.7475,0.004332,196676.0,,
2015-01-16,,,17775062.1669,0.00498,129665.0,,
2015-01-17,,,15588256.8954,0.004366,39285.0,,
2015-01-18,,,16606299.9894,0.00465,54344.0,,
2015-01-19,,,16985383.8476,0.004755,57052.0,,
2015-01-20,,,17169861.6428,0.004804,35159.0,,
2015-01-21,,,17052976.5137,0.00477,65656.0,,
2015-01-22,,,17838694.8384,0.004988,59947.0,,
2015-01-23,,,17590951.7058,0.004916,42575.0,,
2015-01-24,,,17451054.337,0.004875,59006.0,,
2015-01-25,,,18013063.2129,0.00503,69844.0,,
2015-01-26,,,17218227.2797,0.004806,148296.0,,
2015-01-27,,,16866086.0934,0.004706,92001.0,,
2015-01-28,,,17252560.4298,0.004812,30636.0,,
2015-01-29,,,17570966.7366,0.004899,92086.0,,
2015-01-30,,,16314463.1035,0.004546,41892.0,,
2015-01-31,,,15954838.2833,0.004445,24903.0,,
2015-02-01,,,15531818.4573,0.004325,70975.0,,
2015-02-02,,,14861115.4866,0.004137,28423.0,,
2015-02-03,,,14947865.088,0.00416,38689.0,,
2015-02-04,,,13480370.6996,0.003751,33568.0,,
2015-02-05,,,13538277.5256,0.003765,48565.0,,
2015-02-06,,,14606827.0536,0.00406,68194.0,,
2015-02-07,,,13736375.1124,0.003817,15482.0,,
2015-02-08,,,13785158.023,0.00383,20383.0,,
2015-02-09,,,13442893.557,0.003734,23287.0,,
2015-02-10,,,13115673.6999,0.003641,30401.0,,
2015-02-11,,,12804884.0472,0.003554,20839.0,,
2015-02-12,,,12681384.8571,0.003518,22950.0,,
2015-02-13,,,12347556.7259,0.003424,20250.0,,
2015-02-14,,,12889597.9817,0.003573,27228.0,,
2015-02-15,,,13336392.1242,0.003696,29545.0,,
2015-02-16,,,11887970.1612,0.003294,19822.0,,
2015-02-17,,,11917643.4766,0.003302,10247.0,,
2015-02-18,,,12114511.1025,0.003356,11492.0,,
2015-02-19,,,11413002.4106,0.003161,8162.0,,
2015-02-20,,,11636692.5158,0.003223,3263.0,,
2015-02-21,,,11623490.4628,0.003218,3103.0,,
2015-02-22,,,11557691.2828,0.0032,14027.0,,
2015-02-23,,,10227617.8256,0.002831,6966.0,,
2015-02-24,,,11235076.2236,0.00311,9284.0,,
2015-02-25,,,11279722.9526,0.003121,11098.0,,
2015-02-26,,,11447660.5098,0.003167,14216.0,,
2015-02-27,,,11269492.2858,0.003117,27445.0,,
2015-02-28,,,11444814.3916,0.003165,12332.0,,
2015-03-01,,,11024033.9479,0.003047,17782.0,,
2015-03-02,,,10059142.5574,0.00278,28398.0,,
2015-03-03,,,10747202.3776,0.002969,32142.0,,
2015-03-04,,,10278554.0152,0.002838,22570.0,,
2015-03-05,,,10414851.5334,0.002874,25407.0,,
2015-03-06,,,10853010.6423,0.002994,22390.0,,
2015-03-07,,,10708769.4208,0.002953,7589.0,,
2015-03-08,,,10689251.2001,0.002947,12794.0,,
2015-03-09,,,10736410.4341,0.002958,29030.0,,
2015-03-10,,,10530882.1465,0.0029,17921.0,,
2015-03-11,,,10664453.843,0.002936,21507.0,,
2015-03-12,,,10641373.521,0.002929,42002.0,,
2015-03-13,,,11250218.5221,0.003096,13470.0,,
2015-03-14,,,10765626.5189,0.002962,15790.0,,
2015-03-15,,,10766244.3308,0.002961,7251.0,,
2015-03-16,,,10928633.215,0.003004,29363.0,,
2015-03-17,,,11445471.6517,0.003145,12128.0,,
2015-03-18,,,10923199.1748,0.003,15106.0,,
2015-03-19,,,9705383.18779,0.002665,25187.0,,
2015-03-20,,,12072710.9099,0.002817,14655.0,,
2015-03-21,,,11982209.5874,0.002794,26725.0,,
2015-03-22,,,12832152.0075,0.002992,40729.0,,
2015-03-23,,,13805469.9417,0.003218,91492.0,,
2015-03-24,,,13804124.0449,0.003217,41355.0,,
2015-03-25,,,12666708.0245,0.002952,24844.0,,
2015-03-26,,,12585802.2857,0.002933,15682.0,,
2015-03-27,,,12674401.4503,0.002952,25115.0,,
2015-03-28,,,13200451.0649,0.003075,26230.0,,
2015-03-29,,,12706286.9747,0.002959,6928.0,,
2015-03-30,,,13086908.449,0.003047,29998.0,,
2015-03-31,,,11744357.1974,0.002734,37060.0,,
2015-04-01,,,12351391.8088,0.002874,10523.0,,
2015-04-02,,,12045798.8562,0.002803,16448.0,,
2015-04-03,,,11463708.3143,0.002667,15430.0,,
2015-04-04,,,11898684.2587,0.002767,9276.0,,
2015-04-05,,,11564765.6684,0.002689,12082.0,,
2015-04-06,,,11471585.9513,0.002667,11075.0,,
2015-04-07,,,11066818.8104,0.002572,37000.0,,
2015-04-08,,,12916883.9734,0.002689,19430.0,,
2015-04-09,,,13012101.5191,0.002708,14530.0,,
2015-04-10,,,12732617.9033,0.002649,18291.0,,
2015-04-11,,,12684058.1606,0.002639,26596.0,,
2015-04-12,,,13345969.4821,0.002776,99750.0,,
2015-04-13,,,13620424.19,0.002833,12501.0,,
2015-04-14,,,13062714.4849,0.002716,10358.0,,
2015-04-15,,,12773527.0,0.002655,7342.0,,
2015-04-16,,,12854575.3505,0.002671,8689.0,,
2015-04-17,,,13295900.2225,0.002763,11959.0,,
2015-04-18,,,12973782.2465,0.002696,10026.0,,
2015-04-19,,,13191876.6331,0.002741,23255.0,,
2015-04-20,,,12924092.1365,0.002685,8072.0,,
2015-04-21,,,12923470.7049,0.002684,14345.0,,
2015-04-22,,,13302652.9496,0.002762,7432.0,,
2015-04-23,,,12798217.1095,0.002657,9866.0,,
2015-04-24,,,13244396.5508,0.002749,6647.0,,
2015-04-25,,,12769508.2236,0.00265,5959.0,,
2015-04-26,,,12802851.6121,0.002656,8844.0,,
2015-04-27,,,12741341.4116,0.002643,13546.0,,
2015-04-28,,,12985791.4015,0.002693,9069.0,,
2015-04-29,,,12692797.0019,0.002632,15415.0,,
2015-04-30,,,12406755.481,0.002573,10060.0,,
2015-05-01,,,13189729.167,0.002735,5405.0,,
2015-05-02,,,12767170.8272,0.002646,10689.0,,
2015-05-03,,,13004597.1629,0.002695,6849.0,,
2015-05-04,,,12917605.193,0.002677,4015.0,,
2015-05-05,,,14581109.6533,0.003021,6410.0,,
2015-05-06,,,12994779.4603,0.002691,4242.0,,
2015-05-07,,,13331406.8254,0.002761,17196.0,,
2015-05-08,,,13393662.026,0.002773,40149.0,,
2015-05-09,,,14129350.5026,0.002926,18016.0,,
2015-05-10,,,13699612.2649,0.002836,6673.0,,
2015-05-11,,,13459096.5611,0.002786,7693.0,,
2015-05-12,,,14352488.6548,0.002971,16605.0,,
2015-05-13,,,13482890.4555,0.00279,7557.0,,
2015-05-14,,,13578148.5413,0.002809,8935.0,,
2015-05-15,,,13764731.3412,0.002848,6608.0,,
2015-05-16,,,13911977.3775,0.002878,6243.0,,
2015-05-17,,,12566767.3304,0.002599,9992.0,,
2015-05-18,,,12459506.4861,0.002576,9633.0,,
2015-05-19,,,12147941.5249,0.002511,46705.0,,
2015-05-20,,,12831564.9067,0.002653,33006.0,,
2015-05-21,,,13167772.9526,0.002722,10161.0,,
2015-05-22,,,13372598.434,0.002765,45598.0,,
2015-05-23,,,14976692.4412,0.003096,42823.0,,
2015-05-24,,,14646684.3717,0.003028,25015.0,,
2015-05-25,,,15166494.9135,0.003135,44799.0,,
2015-05-26,,,15377221.8633,0.003179,10087.0,,
2015-05-27,,,15439176.8715,0.003192,21904.0,,
2015-05-28,,,15319391.5148,0.003167,116009.0,,
2015-05-29,,,17170419.723,0.00355,164867.0,,
2015-05-30,,,17467306.6651,0.003611,70294.0,,
2015-05-31,,,15731261.8724,0.003252,34077.0,,
2015-06-01,,,16434042.6372,0.003397,20681.0,,
2015-06-02,,,14966913.291,0.003094,70139.0,,
2015-06-03,,,15617754.3868,0.003229,23415.0,,
2015-06-04,,,14659042.0412,0.00303,17068.0,,
2015-06-05,,,15266690.3544,0.003156,14581.0,,
2015-06-06,,,15260197.5933,0.003155,11850.0,,
2015-06-07,,,15167561.4686,0.003135,8643.0,,
2015-06-08,,,14922330.5342,0.003085,6534.0,,
2015-06-09,,,15115182.1784,0.003125,17228.0,,
2015-06-10,,,15509980.9174,0.003206,7419.0,,
2015-06-11,,,15289743.7613,0.003161,18371.0,,
2015-06-12,,,15008364.3616,0.003103,7947.0,,
2015-06-13,,,14923884.6688,0.003085,23848.0,,
2015-06-14,,,15634616.1496,0.003232,26760.0,,
2015-06-15,,,15763163.1786,0.003259,38841.0,,
2015-06-16,,,16741725.9437,0.003461,104286.0,,
2015-06-17,,,18127480.155,0.003747,148541.0,,
2015-06-18,,,17420431.2409,0.003601,103675.0,,
2015-06-19,,,18254900.8324,0.003774,132710.0,,
2015-06-20,,,18060065.2069,0.003733,52776.0,,
2015-06-21,,,17750266.1299,0.003669,25279.0,,
2015-06-22,,,17063387.4821,0.003527,22128.0,,
2015-06-23,,,17808737.811,0.003681,26466.0,,
2015-06-24,,,16970722.8626,0.003508,12699.0,,
2015-06-25,,,16566365.4587,0.003425,27297.0,,
2015-06-26,,,16813458.9316,0.003476,10574.0,,
2015-06-27,,,16481383.59,0.003407,33469.0,,
2015-06-28,,,17193016.6358,0.003554,12404.0,,
2015-06-29,,,16577810.6931,0.003427,23192.0,,
2015-06-30,,,16946090.5908,0.003503,42462.0,,
2015-07-01,,,16781663.6929,0.003469,13853.0,,
2015-07-02,,,16726890.9832,0.003458,10950.0,,
2015-07-03,,,16449783.8855,0.003401,24472.0,,
2015-07-04,,,15792634.3412,0.003265,6970.0,,
2015-07-05,,,15449923.2921,0.003194,30745.0,,
2015-07-06,,,15078834.1552,0.003117,19319.0,,
2015-07-07,,,15621862.9354,0.003229,14883.0,,
2015-07-08,,,15191190.0622,0.00314,27219.0,,
2015-07-09,,,15546044.4531,0.003214,19032.0,,
2015-07-10,,,14801455.7624,0.00306,59968.0,,
2015-07-11,,,15063332.6933,0.003114,11058.0,,
2015-07-12,,,14905627.3785,0.003081,9505.0,,
2015-07-13,,,15397258.698,0.003183,23801.0,,
2015-07-14,,,15571703.7933,0.003219,11489.0,,
2015-07-15,,,14877199.1758,0.003075,13358.0,,
2015-07-16,,,14485477.7764,0.002995,14119.0,,
2015-07-17,,,13692396.9373,0.002831,12207.0,,
2015-07-18,,,13789352.7296,0.002851,2672.0,,
2015-07-19,,,14020271.561,0.002898,2580.0,,
2015-07-20,,,13892376.651,0.002872,6338.0,,
2015-07-21,,,14464451.1021,0.00299,23511.0,,
2015-07-22,,,14822848.8031,0.003064,19236.0,,
2015-07-23,,,15057401.6207,0.003113,5114.0,,
2015-07-24,,,14691859.5178,0.003037,3959.0,,
2015-07-25,,,14961689.9969,0.003093,31665.0,,
2015-07-26,,,14214681.062,0.002939,3878.0,,
2015-07-27,,,14590706.4856,0.003016,12245.0,,
2015-07-28,,,14245701.52,0.002945,17746.0,,
2015-07-29,,,13189696.2593,0.002727,8951.0,,
2015-07-30,,,13657169.857,0.002823,4348.0,,
2015-07-31,,,13595495.0582,0.002811,12919.0,,
2015-08-01,,,12793065.0927,0.002645,11103.0,,
2015-08-02,,,12770949.1376,0.00264,6687.0,,
2015-08-03,,,13179692.9494,0.002725,7155.0,,
2015-08-04,,,12708895.0106,0.002627,4294.0,,
2015-08-05,,,12726022.1424,0.002631,40512.0,,
2015-08-06,,,12743111.4604,0.002634,7126.0,,
2015-08-07,,,12207178.6283,0.002524,4101.0,,
2015-08-08,,,11769580.673,0.002433,22350.0,,
2015-08-09,,,11711889.4797,0.002421,12956.0,,
2015-08-10,,,11342221.0665,0.002345,17339.0,,
2015-08-11,,,11926931.3745,0.002466,7245.0,,
2015-08-12,,,11588552.9966,0.002396,21375.0,,
2015-08-13,,,11508731.9417,0.002379,9789.0,,
2015-08-14,,,10954860.4343,0.002265,11426.0,,
2015-08-15,,,11187672.2604,0.002313,6685.0,,
2015-08-16,,,10978279.26,0.00227,15113.0,,
2015-08-17,,,10369667.4359,0.002144,4373.0,,
2015-08-18,,,10495722.6571,0.00217,28468.0,,
2015-08-19,,,9044857.32597,0.00187,36661.0,,
2015-08-20,,,8691402.06798,0.001797,13326.0,,
2015-08-21,,,9806256.1614,0.002027,13673.0,,
2015-08-22,,,9647762.22589,0.001994,8307.0,,
2015-08-23,,,9677179.20368,0.002001,2286.0,,
2015-08-24,,,9535387.55708,0.001971,3367.0,,
2015-08-25,,,9104101.44474,0.001882,6407.0,,
2015-08-26,,,8977339.7543,0.001856,5899.0,,
2015-08-27,,,9841047.92618,0.002034,4432.0,,
2015-08-28,,,9703036.48683,0.002006,71683.0,,
2015-08-29,,,11398403.882,0.002356,74173.0,,
2015-08-30,,,12463599.9738,0.002577,45670.0,,
2015-08-31,,,11435925.812,0.002364,32459.0,,
2015-09-01,,,11987855.7092,0.002478,4818.0,,
2015-09-02,,,11783168.2608,0.002436,25216.0,,
2015-09-03,,,11720668.7274,0.002423,8753.0,,
2015-09-04,,,11500031.4851,0.002377,7558.0,,
2015-09-05,,,11226461.3982,0.002321,9478.0,,
2015-09-06,,,11693278.6177,0.002417,9566.0,,
2015-09-07,,,12223052.6236,0.002527,3074.0,,
2015-09-08,,,11857082.2813,0.002451,11354.0,,
2015-09-09,,,11126832.0729,0.0023,18552.0,,
2015-09-10,,,10618526.2341,0.002195,8188.0,,
2015-09-11,,,10680069.2784,0.002208,4021.0,,
2015-09-12,,,10792624.4194,0.002231,1075.0,,
2015-09-13,,,10828332.1052,0.002239,1583.0,,
2015-09-14,,,10433007.6508,0.002157,4634.0,,
2015-09-15,,,10348859.24,0.002139,3674.0,,
2015-09-16,,,10562247.8268,0.002183,7901.0,,
2015-09-17,,,10411112.3124,0.002152,4024.0,,
2015-09-18,,,10778447.1529,0.002228,22669.0,,
2015-09-19,,,10854035.3778,0.002244,5375.0,,
2015-09-20,,,11104080.3036,0.002295,3069.0,,
2015-09-21,,,10751887.1681,0.002223,1970.0,,
2015-09-22,,,10362392.8737,0.002142,2836.0,,
2015-09-23,,,10341075.7301,0.002138,2495.0,,
2015-09-24,,,10027255.1152,0.002073,3528.0,,
2015-09-25,,,9957361.73638,0.002058,1193.0,,
2015-09-26,,,9943732.31482,0.002056,6180.0,,
2015-09-27,,,10015556.299,0.00207,3105.0,,
2015-09-28,,,10005279.7111,0.002068,4256.0,,
2015-09-29,,,10115454.1606,0.002091,6058.0,,
2015-09-30,,,10039284.8615,0.002075,15365.0,,
2015-10-01,,,9599041.61151,0.001984,12894.0,,
2015-10-02,,,10556231.1628,0.002182,2850.0,,
2015-10-03,,,10040905.5618,0.002076,1917.0,,
2015-10-04,,,9945847.37201,0.002056,945.0,,
2015-10-05,,,9921119.06083,0.002051,862.0,,
2015-10-06,,,9786820.11555,0.002023,2190.0,,
2015-10-07,,,10049513.9513,0.002077,1570.0,,
2015-10-08,,,10042201.7255,0.002076,3520.0,,
2015-10-09,,,9654908.91089,0.001996,2854.0,,
2015-10-10,,,10146875.3215,0.002098,2475.0,,
2015-10-11,,,10079331.1867,0.002084,1112.0,,
2015-10-12,,,10203190.3929,0.002109,3608.0,,
2015-10-13,,,9822660.34555,0.002031,980.0,,
2015-10-14,,,10165355.5217,0.002101,4159.0,,
2015-10-15,,,9245669.96743,0.001911,14152.0,,
2015-10-16,,,9370153.45661,0.001937,1630.0,,
2015-10-17,,,9362547.19033,0.001935,3972.0,,
2015-10-18,0.09925,1,9601958.36207,0.001985,1999.0,0.00043,2
2015-10-19,,,9541191.9731,0.001972,1912.0,,
2015-10-20,,,9391618.80321,0.001941,3159.0,,
2015-10-21,,,9047917.83291,0.00187,3541.0,,
2015-10-22,,,9560668.50485,0.001976,2145.0,,
2015-10-23,,,9470672.82311,0.001958,3234.0,,
2015-10-24,,,9460935.00156,0.001956,943.0,,
2015-10-25,,,9311565.90668,0.001925,7266.0,,
2015-10-26,,,9138061.87419,0.001889,11446.0,,
2015-10-27,,,8898998.29745,0.00184,3777.0,,
2015-10-28,,,9660488.48861,0.001997,6781.0,,
2015-10-29,,,9902020.67376,0.002047,8212.0,,
2015-10-30,,,10015621.0714,0.00207,19613.0,,
2015-10-31,,,10481872.3014,0.002167,17814.0,,
2015-11-01,,,10449623.2331,0.00216,10484.0,,
2015-11-02,,,10287929.9315,0.002127,3748.0,,
2015-11-03,,,10631101.4427,0.002198,21834.0,,
2015-11-04,239566.758788,1084,10625673.5954,0.002197,52465.0,0.01152,536
2015-11-05,151486.823142,29335,10558899.7525,0.002183,10392.0,0.29351,536
2015-11-06,579501.841891,33246,9713513.0266,0.002008,6285.0,0.33328,1236
2015-11-07,61498.5315417,9994,9282242.04665,0.001919,2878.0,0.10056,628
2015-11-08,11416.5083227,299,9742486.0772,0.002014,1700.0,0.00371,300
2015-11-09,766504.618564,304,9412199.91736,0.001946,2082.0,0.00338,305
2015-11-10,65922.4847279,197,9825972.02354,0.002031,10658.0,0.00217,197
2015-11-11,22605.7188588,145,9876474.02648,0.002042,3594.0,0.00171,144
2015-11-12,30483.6373319,242,9495865.55226,0.001963,3518.0,0.00303,243
2015-11-13,1842.55595643,338,10011958.7234,0.00207,1100.0,0.00585,327
2015-11-14,54692.6195376,183,9572887.53054,0.001979,527.0,0.00316,184
2015-11-15,5911.91086128,124,9581213.12324,0.001981,491.0,0.00151,125
2015-11-16,44576.7590281,1032,9613027.42976,0.001987,493.0,0.0113,1030
2015-11-17,2048.96934678,1270,9295969.04615,0.001922,778.0,0.01334,1253
2015-11-18,3783.03529345,969,9747171.42745,0.002015,1737.0,0.01241,957
2015-11-19,1488.94321071,1193,9241265.81865,0.00191,1207.0,0.01221,1174
2015-11-20,10276697.4417,819,9339111.83694,0.001931,2032.0,0.00884,810
2015-11-21,1320.98342238,203,9163392.14031,0.001894,2219.0,0.00245,206
2015-11-22,1777.87026454,368,9240334.95436,0.00191,552.0,0.00405,242
2015-11-23,145416.905391,468,9538714.49474,0.001972,698.0,0.00485,454
2015-11-24,12531.2126816,722,9193044.67059,0.0019,928.0,0.00734,715
2015-11-25,1085.95529113,870,9037934.21803,0.001868,1503.0,0.00901,873
2015-11-26,1459.9093565,116,9228570.675,0.001908,3910.0,0.00162,116
2015-11-27,2605.65663286,326,9256393.37599,0.001914,2338.0,0.00488,217
2015-11-28,435431.047309,171,8540043.23377,0.001765,4101.0,0.00245,127
2015-11-29,683.257609594,45,8430785.81897,0.001743,4142.0,0.00113,48
2015-11-30,339879.598482,69,8415639.59584,0.00174,3270.0,0.00104,68
2015-12-01,22.6702155504,7,8323175.61127,0.001721,4810.0,0.00014,9
2015-12-02,18353.8213488,142,8408372.19808,0.001738,2569.0,0.00158,123
2015-12-03,1111.94891511,43,8554544.42056,0.001768,1760.0,0.00072,46
2015-12-04,3818.8488111,98,8286226.7209,0.001713,7757.0,0.00194,90
2015-12-05,3679.15796332,52,9727715.14431,0.002011,8006.0,0.00103,48
2015-12-06,7526.81532625,37,9018195.1,0.001864,11491.0,0.00082,39
2015-12-07,17351.8383995,76,9272174.86718,0.001917,4636.0,0.00405,78
2015-12-08,4205.65844088,145,9509745.29058,0.001966,35702.0,0.00236,147
2015-12-09,3579.90381861,306,11108078.0494,0.002296,180884.0,0.00402,302
2015-12-10,2765.9706147,1154,9978727.94521,0.002063,77097.0,0.01233,1156
2015-12-11,14238.8976577,619,9801862.0178,0.002026,56225.0,0.00646,622
2015-12-12,14774.9017616,40,10327964.6727,0.002135,20232.0,0.00215,35
2015-12-13,481.717168404,48,9607873.87609,0.001986,13149.0,0.00161,40
2015-12-14,610.421388122,33,9989091.95804,0.002065,8617.0,0.00068,35
2015-12-15,10771.2854678,49,9591760.39572,0.001983,25706.0,0.001,51
2015-12-16,227.935716398,32,9043504.3662,0.00187,18099.0,0.00065,33
2015-12-17,1653.10909571,59,8928558.24017,0.001846,9562.0,0.0016,61
2015-12-18,874.411699543,52,8983116.47864,0.001857,11457.0,0.00063,53
2015-12-19,884.579149708,27,8943252.63572,0.001849,13348.0,0.00051,29
2015-12-20,112.2168005,7,8911839.70103,0.001842,8714.0,0.00023,8
2015-12-21,108.741342075,15,8450719.91573,0.001747,8595.0,0.00027,17
2015-12-22,0.03562,1,8613288.07234,0.001781,23377.0,0.00047,2
2015-12-23,6463.42420817,125,8349133.62801,0.001726,17711.0,0.00204,126
2015-12-24,5071.16533106,27,8432703.91695,0.001743,22656.0,0.0013,28
2015-12-25,196.906557759,21,8501002.28775,0.001757,14657.0,0.00085,22
2015-12-26,770.694178529,25,8853757.38182,0.00183,14773.0,0.00085,27
2015-12-27,31.5228373846,15,7976429.67093,0.001649,47298.0,0.00088,17
2015-12-28,539.664588444,47,8329084.3354,0.001722,21904.0,0.00171,49
2015-12-29,922.670887458,31,8567842.96787,0.001771,47760.0,0.00126,32
2015-12-30,1151.69539994,76,8442671.2734,0.001745,46252.0,0.00162,78
2015-12-31,170.777383736,29,8535289.79555,0.001764,27310.0,0.001,30
2016-01-01,435.336171213,33,8475969.5286,0.001752,4947.0,0.00066,34
2016-01-02,192.040065341,36,8466686.96152,0.00175,45950.0,0.00086,37
2016-01-03,778.605631536,22,8479983.71044,0.001753,43531.0,0.00068,24
2016-01-04,1249.96750067,35,8442442.77174,0.001745,4634.0,0.00082,36
2016-01-05,1239.20801856,31,8456534.52876,0.001748,18239.0,0.00126,35
2016-01-06,1035.39980018,56,8324941.21711,0.001721,27863.0,0.00081,34
2016-01-07,2940.5160943,40,8072006.46065,0.001669,26671.0,0.00117,45
2016-01-08,56316.9459875,27,8399799.6859,0.001736,28246.0,0.00068,28
2016-01-09,1012.82442831,27,8137550.62093,0.001682,38630.0,0.00076,28
2016-01-10,464.63377255,16,8462262.50652,0.001749,51522.0,0.00056,19
2016-01-11,21.5949609776,42,8545228.18401,0.001766,24871.0,0.00086,28
2016-01-12,681.534586918,39,8399529.92771,0.001736,25468.0,0.00081,29
2016-01-13,400.062986206,21,8421837.42215,0.001741,50968.0,0.00072,22
2016-01-14,225.231750203,31,8823338.88401,0.001824,64127.0,0.00068,32
2016-01-15,51.1266503851,69,9324216.05815,0.001927,60907.0,0.00115,38
2016-01-16,61.5899577962,24,8401046.21053,0.001737,24153.0,0.00059,25
2016-01-17,8888.57357299,18,8457672.50408,0.001748,25329.0,0.00048,19
2016-01-18,1691.5182999,20,8293555.14085,0.001714,14408.0,0.00059,21
2016-01-19,1210.96396141,31,8283050.71632,0.001712,36629.0,0.00075,32
2016-01-20,556.281077014,30,8771909.28501,0.001813,37726.0,0.00053,32
2016-01-21,279.003743585,29,8789830.54545,0.001817,28653.0,0.00086,31
2016-01-22,66.7863703162,20,8382794.57805,0.001733,29515.0,0.00065,22
2016-01-23,217.500499434,14,8231336.63797,0.001702,38222.0,0.00063,15
2016-01-24,398.692365135,11,8200890.06965,0.001695,28012.0,0.00075,12
2016-01-25,912.922830784,28,8337009.22411,0.001723,39140.0,0.00111,30
2016-01-26,3995.17778644,39,8283515.15203,0.001712,115830.0,0.00178,35
2016-01-27,4014.60261446,30,9204541.94049,0.001903,213842.0,0.00097,32
2016-01-28,56.0898923593,48,10818727.5954,0.002237,137591.0,0.00113,49
2016-01-29,4020.98465607,45,9233486.18485,0.001909,78803.0,0.00079,49
2016-01-30,25.8325110712,18,9127250.42075,0.001887,37270.0,0.00039,20
2016-01-31,23.2902588031,17,8393144.56081,0.001735,26362.0,0.00027,18
2016-02-01,1123.20518984,35,8592583.33929,0.001776,14159.0,0.00064,36
2016-02-02,4234.60013007,77,8673428.84911,0.001793,40152.0,0.00122,58
2016-02-03,468.798897374,32,8686642.7316,0.001796,33079.0,0.0007,34
2016-02-04,66.2100103031,11,8740085.17249,0.001807,22478.0,0.00035,12
2016-02-05,218.22403303,49,8721183.74918,0.001803,27232.0,0.00095,48
2016-02-06,61.1759633467,19,8874787.50268,0.001835,19431.0,0.00033,21
2016-02-07,4890.72582011,16,9016929.90497,0.001864,48478.0,0.00089,18
2016-02-08,1489.47883395,17,8897203.86746,0.001839,15539.0,0.00038,19
2016-02-09,98.7574315039,18,8963130.46933,0.001853,17156.0,0.00066,20
2016-02-10,67.7356047934,15,8840727.03732,0.001828,28847.0,0.00046,17
2016-02-11,137.300657746,13,8919848.25133,0.001844,31082.0,0.00044,15
2016-02-12,165.074981848,14,9084323.45222,0.001878,715496.0,0.00129,16
2016-02-13,16157.1174535,19,11273831.2401,0.002331,87956.0,0.00045,21
2016-02-14,240.649313863,24,10633384.0347,0.002198,47727.0,0.0006,26
2016-02-15,162.961093141,22,10604303.9709,0.002192,27720.0,0.00052,23
2016-02-16,73.9836887182,62,10594451.1438,0.00219,114749.0,0.00118,64
2016-02-17,154.615613635,35,12789971.4106,0.002644,123493.0,0.00121,36
2016-02-18,830.806335333,28,10450462.7333,0.00216,22194.0,0.00051,29
2016-02-19,997.110206596,25,10247415.0057,0.002118,43957.0,0.00077,27
2016-02-20,62.3922059941,25,10208571.6706,0.00211,33898.0,0.00047,27
2016-02-21,81.7802599608,18,9950949.68475,0.002057,29419.0,0.00049,21
2016-02-22,620.378231717,18,10423712.0977,0.002155,27370.0,0.00052,19
2016-02-23,164.323208292,12,9599433.34945,0.001984,43865.0,0.0004,13
2016-02-24,241.687135632,20,9211455.77948,0.001904,21033.0,0.00041,23
2016-02-25,147.930953387,16,9404963.72658,0.001944,9214.0,0.00041,20
2016-02-26,100.229784591,43,9557534.69892,0.001976,28136.0,0.00094,46
2016-02-27,85.0334964567,19,9458165.0674,0.001955,22000.0,0.00042,20
2016-02-28,1150.54827264,14,9689910.37002,0.002003,33416.0,0.0004,15
2016-02-29,27.1029088403,15,9584671.58851,0.001981,23302.0,0.00058,16
2016-03-01,2816.43449998,18,9429440.66684,0.001949,15994.0,0.00032,19
2016-03-02,24.4365765211,12,9237880.24947,0.00191,22381.0,0.00047,13
2016-03-03,1852.56996617,263,9133702.46772,0.001888,24504.0,0.00373,264
2016-03-04,622.75035058,87,9147393.3814,0.001891,25208.0,0.00131,89
2016-03-05,215.36575465,56,9256145.94024,0.001913,39964.0,0.0014,57
2016-03-06,965.662298119,12,8825204.70588,0.001824,41218.0,0.00037,13
2016-03-07,6084.64315178,27,9384432.88462,0.00194,325391.0,0.00161,29
2016-03-08,12808.4686561,32,11358113.0578,0.002348,127065.0,0.0008,34
2016-03-09,272.035546924,15,10719389.4948,0.002216,52341.0,0.00052,16
2016-03-10,1447.89576228,22,12226185.4865,0.002229,119765.0,0.00075,24
2016-03-11,403.314672983,33,13022140.9497,0.002374,346969.0,0.00095,33
2016-03-12,156.038279115,25,14015293.7974,0.002555,102896.0,0.0013,27
2016-03-13,137.435082664,25,12495573.9862,0.002278,56827.0,0.00077,26
2016-03-14,6927.97278803,12,12008433.196,0.002189,74931.0,0.00093,13
2016-03-15,23.5289573197,25,11736945.6361,0.00214,45366.0,0.00066,26
2016-03-16,68.6065710098,21,12049385.8151,0.002197,24794.0,0.00076,22
2016-03-17,67.4929049151,27,11727890.9548,0.002138,45510.0,0.0006,28
2016-03-18,382.354809649,14,11771494.9859,0.002146,50038.0,0.00062,15
2016-03-19,280.531963799,45,10891451.6774,0.001985,46715.0,0.00133,46
2016-03-20,42.1890539048,29,10962645.1552,0.001998,23789.0,0.0006,30
2016-03-21,3040.10160341,16,11456584.1774,0.002088,24440.0,0.00072,18
2016-03-22,921.486387356,16,11377026.2607,0.002074,18784.0,0.00044,17
2016-03-23,21931.7904095,15,11403836.1845,0.002079,20972.0,0.00043,16
2016-03-24,187.483295095,24,11927128.4038,0.002174,19201.0,0.0011,25
2016-03-25,240.419132655,17,11447620.2413,0.002087,23037.0,0.00065,18
2016-03-26,5243.13263125,8,11381016.2336,0.002075,15616.0,0.00026,9
2016-03-27,21.8074795244,10,11292618.5131,0.002059,31234.0,0.00034,11
2016-03-28,1956.78823084,14,11141521.0038,0.002031,84150.0,0.00071,16
2016-03-29,229.644398388,31,11583534.7044,0.002112,17062.0,0.00077,32
2016-03-30,5342.61570087,14,11447546.0745,0.002087,18345.0,0.00039,15
2016-03-31,709.021262106,25,11183314.4657,0.002039,34233.0,0.00068,27
2016-04-01,188.573957843,21,11112520.9233,0.002026,20022.0,0.00039,23
2016-04-02,233.037744177,22,11227519.6496,0.002047,30735.0,0.00049,23
2016-04-03,0.489724364005,9,11461399.6416,0.002089,43511.0,0.00061,11
2016-04-04,1278.83692521,28,12093445.534,0.002205,179638.0,0.00151,31
2016-04-05,11209.6493076,16,12610526.9532,0.002299,79658.0,0.00051,18
2016-04-06,3324.50012909,24,11849232.7323,0.00216,30023.0,0.00045,26
2016-04-07,23957.1602617,134,11816975.9387,0.002154,43761.0,0.00158,136
2016-04-08,1331.03092016,10,11828912.7564,0.002156,33986.0,0.00018,11
2016-04-09,789.379137279,50,11982684.3748,0.002184,29154.0,0.00127,52
2016-04-10,46.4217426039,54,11071159.7492,0.002018,128084.0,0.00195,55
2016-04-11,46.8137372355,7,10338169.083,0.001885,26655.0,0.00025,9
2016-04-12,67.7855181031,11,10440196.6954,0.001903,38237.0,0.00048,12
2016-04-13,29.9199459072,11,10288538.8449,0.001876,43097.0,0.00047,12
2016-04-14,58.3537556722,15,10278410.7672,0.001874,23351.0,0.00059,16
2016-04-15,20.4534662577,13,10295305.0426,0.001877,40559.0,0.0007,14
2016-04-16,2.28003401359,17,10305822.2758,0.001879,18872.0,0.00049,19
2016-04-17,54.8404419987,7,10542255.0174,0.001922,14645.0,0.00026,8
2016-04-18,72.196782103,24,10418619.5139,0.001899,24122.0,0.00073,26
2016-04-19,48.1096697364,29,10436542.3012,0.001903,13111.0,0.00062,30
2016-04-20,6050.73633957,34,10576774.0,0.001928,39461.0,0.00084,35
2016-04-21,908.049664635,24,10528367.1932,0.001919,54310.0,0.00064,26
2016-04-22,590.995189524,8,10279842.1523,0.001874,26976.0,0.00038,9
2016-04-23,1369.04855365,2,10515665.6776,0.001917,22819.0,0.00028,3
2016-04-24,,,10567131.9665,0.001926,18230.0,,
2016-04-25,,,10488786.6141,0.001912,55865.0,,
2016-04-26,,,10282593.6998,0.001874,93637.0,,
2016-04-27,1342.23340042,55,9984809.09389,0.00182,31873.0,0.00117,55
2016-04-28,134.312713443,27,10056200.9417,0.001833,44636.0,0.00085,28
2016-04-29,280.689475512,19,10445129.8129,0.001904,11889.0,0.00055,20
2016-04-30,16.7491022047,10,10141433.5378,0.001849,24008.0,0.00024,12
2016-05-01,1.2004658944,6,10156942.3856,0.001852,6884.0,0.00049,7
2016-05-02,16.6923735225,15,10329424.3148,0.001883,19403.0,0.00045,17
2016-05-03,3815.06851704,6,10249891.5639,0.001868,17242.0,0.00018,8
2016-05-04,46000.1687202,45,10212089.5796,0.001862,16615.0,0.00077,47
2016-05-05,39.6928223726,21,10231348.4429,0.001865,12585.0,0.00033,23
2016-05-06,563.498536574,25,10091498.6113,0.00184,8634.0,0.00043,27
2016-05-07,1087.60925955,9,10079304.0568,0.001837,10780.0,0.00023,10
2016-05-08,14.8518401113,18,9952574.6314,0.001814,18197.0,0.00043,20
2016-05-09,207.091038445,15,9851952.01998,0.001796,7597.0,0.00036,16
2016-05-10,23342.6608651,34,9885975.15671,0.001802,22841.0,0.00086,35
2016-05-11,1901.9139359,38,9736322.45409,0.001775,10744.0,0.00055,39
2016-05-12,1745.94197903,22,9860340.66333,0.001797,13568.0,0.00046,23
2016-05-13,12662.6658428,264,9879653.10621,0.001801,33122.0,0.0056,255
2016-05-14,868.757556147,48,9711016.05278,0.00177,5037.0,0.00097,50
2016-05-15,245.844416505,16,9781799.07491,0.001783,6509.0,0.00046,18
2016-05-16,11280.516649,42,9542811.99536,0.00174,18729.0,0.00063,43
2016-05-17,343.340080453,27,9459771.40426,0.001724,14874.0,0.00075,29
2016-05-18,11.5508191449,18,9325600.87668,0.0017,5071.0,0.00032,21
2016-05-19,254.28072467,53,9386280.23359,0.001711,24544.0,0.00094,44
2016-05-20,32.9835766234,26,9136037.75622,0.001665,34740.0,0.00088,31
2016-05-21,316.333661912,44,9051260.80171,0.00165,34693.0,0.00087,45
2016-05-22,274.410766852,33,8965585.15375,0.001634,11344.0,0.00144,36
2016-05-23,26691.6680739,51,8918710.67167,0.001626,15998.0,0.00101,48
2016-05-24,6558.03108055,27,8774110.76119,0.001599,22195.0,0.00079,30
2016-05-25,310.781204369,52,8834735.8129,0.00161,23106.0,0.00341,27
2016-05-26,65.4952894276,68,8509203.69711,0.001551,38921.0,0.00121,54
2016-05-27,198.20825338,30,8126092.13089,0.001481,43506.0,0.0008,27
2016-05-28,18.4076125132,17,7919013.39837,0.001444,50704.0,0.00069,20
2016-05-29,133.744846231,24,8090080.39412,0.001475,51175.0,0.01287,25
2016-05-30,152.216173687,42,8213803.04901,0.001497,15509.0,0.00941,31
2016-05-31,1597.82407045,25,8291928.52884,0.001512,18898.0,0.00084,27
2016-06-01,9141.87537583,26,8460581.8977,0.001542,24848.0,0.00059,29
2016-06-02,136.700756284,33,8372475.7037,0.001526,3798.0,0.0006,21
2016-06-03,740.491949213,40,8292559.05882,0.001512,11139.0,0.00108,42
2016-06-04,1063.71256831,18,8391990.88409,0.00153,13522.0,0.00057,19
2016-06-05,851.967837149,23,8372488.64486,0.001526,7181.0,0.00065,24
2016-06-06,69.3291672719,12,8217712.57888,0.001498,3612.0,0.00032,14
2016-06-07,173.753355884,33,8204150.46237,0.001496,19109.0,0.00065,36
2016-06-08,125.382683943,20,8160455.40681,0.001488,9521.0,0.00049,22
2016-06-09,120.889133821,66,8207455.68746,0.001496,26347.0,0.001,32
2016-06-10,180.901720421,44,8705386.09663,0.001587,7053.0,0.00072,31
2016-06-11,239.416338584,2,8626619.45178,0.001573,16469.0,0.00026,3
2016-06-12,239.003152238,25,8643243.18025,0.001576,42720.0,0.00092,26
2016-06-13,40.0904762067,30,8884694.3754,0.00162,37628.0,0.00081,21
2016-06-14,179.298646132,45,8564854.57355,0.001561,176486.0,0.00099,47
2016-06-15,214.330068523,120,9619516.46043,0.001754,31927.0,0.00172,123
2016-06-16,329.803154243,453,9142822.19803,0.001667,30780.0,0.00522,455
2016-06-17,3780.22628261,990,9450210.28933,0.001723,60976.0,0.01055,977
2016-06-18,215.961611106,592,9309303.75313,0.001697,37093.0,0.00609,596
2016-06-19,4018.97736796,2141,9646089.35227,0.001758,57599.0,0.02184,685
2016-06-20,170.596865073,2090,10068661.5502,0.001835,77260.0,0.02128,683
2016-06-21,37.79833293,1088,9662144.87902,0.001761,124214.0,0.01118,1079
2016-06-22,17199.2859447,2507,9376704.89383,0.001709,70192.0,0.0256,1363
2016-06-23,173.026623069,1242,9001730.12485,0.001641,37747.0,0.01273,1226
2016-06-24,198.751015431,1429,9140268.33483,0.001666,80904.0,0.01481,1417
2016-06-25,107.335974972,1315,9813277.34228,0.001789,52335.0,0.01366,1317
2016-06-26,1659.00138117,1334,9807475.64659,0.001788,394757.0,0.0142,1336
2016-06-27,464.443911647,1383,11081239.5183,0.00202,543934.0,0.01539,1386
2016-06-28,2159.77674478,1443,13961652.9168,0.002545,849604.0,0.01674,1446
2016-06-29,90.6862173103,1459,12875899.7098,0.002347,299766.0,0.01585,1464
2016-06-30,105.304431219,1481,11234095.1862,0.002048,152025.0,0.01554,1468
2016-07-01,1519.00059859,1492,11611129.1455,0.002117,77519.0,0.01524,1490
2016-07-02,99.4172791276,1758,11166039.0147,0.002035,46649.0,0.01795,1760
2016-07-03,97.8686324304,1469,11163068.4959,0.002035,49340.0,0.01498,1471
2016-07-04,75.7295489208,601,10584555.5876,0.001929,99562.0,0.00645,581
2016-07-05,1548.87382273,325,10597595.7753,0.001932,81723.0,0.00449,214
2016-07-06,3449.55018319,359,10252790.3093,0.001869,45332.0,0.00487,256
2016-07-07,1184.29647005,561,10132341.5971,0.001847,71044.0,0.0062,496
2016-07-08,224.837147039,809,9542581.50802,0.00174,63067.0,0.0089,720
2016-07-09,6130.68365168,910,10007865.8832,0.001824,29463.0,0.00951,876
2016-07-10,212.606030616,825,9668694.67225,0.001763,52317.0,0.00852,797
2016-07-11,2809.90585136,1143,10154273.9187,0.001851,73548.0,0.01258,1038
2016-07-12,245.108143906,1077,9966027.7996,0.001817,206642.0,0.01335,1036
2016-07-13,487.279126622,1200,10814122.8466,0.001971,472760.0,0.01286,1081
2016-07-14,463.451589737,1260,11814241.0299,0.002154,208913.0,0.01328,1238
2016-07-15,961.884811062,1554,11184395.6141,0.002039,55698.0,0.0159,1513
2016-07-16,355.325923849,2183,10823751.9984,0.001973,34167.0,0.02216,2174
2016-07-17,898.873712328,4392,10565583.7652,0.001926,40947.0,0.04421,4372
2016-07-18,530.442364898,4387,10568504.1352,0.001927,36209.0,0.04433,4354
2016-07-19,182.499668677,4381,11221646.9237,0.001985,38329.0,0.04423,4295
2016-07-20,522.717777263,4452,10742627.551,0.0019,29104.0,0.04488,4425
2016-07-21,2811.82166738,4664,10632447.1126,0.001881,33817.0,0.04682,4605
2016-07-22,822.966979161,4238,10401654.1667,0.00184,28249.0,0.04272,4233
2016-07-23,4578.98011942,4351,10341114.2193,0.001829,184081.0,0.04613,4344
2016-07-24,278.271947018,4360,11882771.1372,0.002102,365060.0,0.04538,4346
2016-07-25,224.401847927,4808,12856658.0075,0.002274,126331.0,0.04893,4739
2016-07-26,830.724558354,4422,12143117.0253,0.002148,85306.0,0.04498,4359
2016-07-27,1604.50766619,4444,10957360.6701,0.001938,42518.0,0.05538,4364
2016-07-28,90.1479043417,1723,10916423.7675,0.001931,26246.0,0.01769,1715
2016-07-29,81.9679104672,23,11018227.5772,0.001949,20761.0,0.00056,23
2016-07-30,52.5580537898,15,11380049.3196,0.002013,29195.0,0.00059,12
2016-07-31,1482.69623401,13,10965132.119,0.00194,41971.0,0.00049,15
2016-08-01,82.5845817084,60,10827773.7887,0.001915,44883.0,0.00115,34
2016-08-02,23.0446542803,26,10662490.1359,0.001886,68214.0,0.00099,26
2016-08-03,50.0358859572,1127,10020730.6397,0.001773,74611.0,0.01188,979
2016-08-04,166.091326514,2583,10180698.3592,0.001801,29099.0,0.02631,2527
2016-08-05,845.707433616,4521,10623523.8242,0.001879,69207.0,0.04581,4453
2016-08-06,665.620113992,4376,10738260.8896,0.0019,60717.0,0.04412,4377
2016-08-07,827.377327217,4915,11059462.2839,0.001956,18833.0,0.04971,4919
2016-08-08,500.719398209,5090,10670061.9221,0.001887,26338.0,0.0522,5016
2016-08-09,1868.06340506,5381,10451415.6761,0.001849,24533.0,0.05413,5335
2016-08-10,169.205882777,3534,10576733.333,0.001871,34674.0,0.03588,3519
2016-08-11,87.7873029837,33,10682782.2657,0.00189,24310.0,0.00064,35
2016-08-12,27.8499321357,22,10679121.5625,0.001889,75248.0,0.0007,24
2016-08-13,51.7371953503,10,10352712.0839,0.001831,224229.0,0.0012,11
2016-08-14,1708.97089637,22,11544904.795,0.002042,109736.0,0.00104,24
2016-08-15,338.846211036,25,11288912.4165,0.001997,73171.0,0.00083,17
2016-08-16,317.338005811,44,11430972.8006,0.002022,35420.0,0.00084,28
2016-08-17,12.7013638167,12,11399230.7476,0.002016,26694.0,0.00056,13
2016-08-18,10.9763608646,10,11288448.7723,0.001997,19780.0,0.0005,14
2016-08-19,7.68821056906,14,11169793.4834,0.001976,17689.0,0.00063,13
2016-08-20,56.1797368526,18,11136268.1192,0.00197,21147.0,0.00039,18
2016-08-21,0.75653801923,10,10910546.9287,0.00193,17520.0,0.00049,12
2016-08-22,70.8139495237,529,10799847.6655,0.00191,13561.0,0.00589,534
2016-08-23,151.737433142,2220,10876224.4728,0.001924,16207.0,0.0227,2207
2016-08-24,167.02169511,2318,10619339.9936,0.001878,6614.0,0.02342,2322
2016-08-25,191.219590479,2209,10676263.1025,0.001889,10012.0,0.02229,2196
2016-08-26,244.651128072,2353,10494439.3898,0.001856,49643.0,0.02415,2341
2016-08-27,131.347561223,2482,10673977.3319,0.001888,16953.0,0.02501,2485
2016-08-28,114.439589377,2278,10518156.8733,0.001861,47598.0,0.02321,2281
2016-08-29,144.212414325,2388,10284175.723,0.001819,29491.0,0.02425,2393
2016-08-30,280.772973642,2350,10346912.9838,0.00183,16263.0,0.02414,2354
2016-08-31,404.633658159,2381,10458406.2172,0.00185,28165.0,0.02491,2385
2016-09-01,640.673455708,2325,10773502.8839,0.001906,25272.0,0.02375,2316
2016-09-02,123.741262089,2300,10667407.208,0.001887,15997.0,0.02335,2306
2016-09-03,199.549481829,2276,10656604.6898,0.001885,16975.0,0.02298,2278
2016-09-04,293.191640944,2287,10758301.5331,0.001903,36104.0,0.02306,2290
2016-09-05,423.811519059,2611,10977121.4822,0.001942,27785.0,0.02712,2554
2016-09-06,427.846743023,2607,10805983.3558,0.001912,14360.0,0.02651,2598
2016-09-07,461.356562787,1230,10882903.0,0.001925,29307.0,0.01319,1219
2016-09-08,91.8866753772,20,10881097.8897,0.001925,17422.0,0.00073,22
2016-09-09,171.129111648,250,10912434.9752,0.00193,51986.0,0.00306,253
2016-09-10,148.041409603,593,11321272.4188,0.002003,173430.0,0.00686,595
2016-09-11,578.475853865,588,11438962.9486,0.002023,51896.0,0.00621,590
2016-09-12,402.023225514,588,10890122.233,0.001926,25451.0,0.00657,589
2016-09-13,218.06849756,581,10970649.3952,0.001941,62818.0,0.00613,586
2016-09-14,194.121286216,1014,11003181.6526,0.001946,13081.0,0.01064,1017
2016-09-15,589.419616325,2866,11098382.1432,0.001963,555936.0,0.02998,2865
2016-09-16,326.622311098,4251,14039876.611,0.002304,204787.0,0.04336,4253
2016-09-17,750.4476036,4022,12684689.0037,0.002082,39093.0,0.04084,4026
2016-09-18,370.225036009,4261,13169583.0077,0.002162,57508.0,0.04297,4264
2016-09-19,1012.13619307,3584,12728538.2478,0.002089,48729.0,0.03631,3589
2016-09-20,338.582555816,3680,12961017.5439,0.002127,79813.0,0.03748,3681
2016-09-21,195.71293075,2287,12521401.8129,0.002055,53003.0,0.02426,2284
2016-09-22,190.79362897,1541,12700296.7212,0.002085,67088.0,0.01603,1438
2016-09-23,274.95757552,5149,13024445.5574,0.002138,47176.0,0.05187,5147
2016-09-24,473.888089949,5344,12600861.7359,0.002068,75069.0,0.0539,5339
2016-09-25,2786.51378855,5332,13482885.564,0.002213,366417.0,0.05427,5306
2016-09-26,2881.25161109,5167,14982993.2151,0.002459,379360.0,0.05315,5100
2016-09-27,1314.75916,5384,14525044.2181,0.002384,136361.0,0.05508,5373
2016-09-28,2091.31638685,5525,15573137.3846,0.002556,1211050.0,0.05688,5374
2016-09-29,5935.00123436,4236,19106293.7717,0.003136,484615.0,0.04449,4169
2016-09-30,1437.88399808,3035,18382218.5785,0.003017,320074.0,0.03185,3034
2016-10-01,3770.89027581,3449,17297100.1893,0.002839,187694.0,0.03558,3412
2016-10-02,842.860653225,3519,16947130.8448,0.002782,105129.0,0.03597,3522
2016-10-03,3429.12238637,4229,17494945.907,0.002872,83760.0,3.04328,4203
2016-10-04,1065.96895842,3854,16482574.9363,0.002705,100249.0,0.03904,3819
2016-10-05,2093.32527985,33,15780990.9014,0.00259,119902.0,0.0015,21
2016-10-06,19.2547664126,40,15213800.863,0.002497,108291.0,0.0015,27
2016-10-07,225.821990576,29,15198444.8298,0.002306,72283.0,0.00102,25
2016-10-08,1.26228238221,5,15725331.0099,0.002386,36449.0,0.0006,6
2016-10-09,463.749635244,2,15268243.0391,0.002317,167282.0,0.000284,4
2016-10-10,1338.25176916,29,16306486.9992,0.00238,119501.0,0.000862,27
2016-10-11,14.700659449,11,16903362.7898,0.002467,429422.0,0.000756,14
2016-10-12,280.571113742,5,18350430.8631,0.002678,76408.0,0.000376,7
2016-10-13,13.6539990123,8,18065383.8692,0.002637,52851.0,0.00028,10
2016-10-14,271.680006367,17,17372300.7503,0.002536,100389.0,0.00073,20
2016-10-15,18.2364879195,8,16984715.5318,0.002479,14235.0,0.00039,9
2016-10-16,15.1973749226,6,16699926.4938,0.002437,57966.0,0.00013,8
2016-10-17,419.515412613,9,16570025.4072,0.002419,58355.0,0.00048,11
2016-10-18,93.6337261618,59,15686972.768,0.00229,31261.0,0.00258,28
2016-10-19,86.8630219869,7,16363621.4519,0.002388,61624.0,0.00404,8
2016-10-20,806.675177721,27,16002185.3124,0.002336,245923.0,0.00441,30
2016-10-21,36.7099365901,21,18276607.0808,0.002668,184807.0,0.00418,21
2016-10-22,17.7042945573,4,16924531.3295,0.00247,80103.0,0.00373,5
2016-10-23,377.812111314,21,16507213.0312,0.002409,23756.0,0.00179,25
2016-10-24,2.30468549682,20,16713021.9591,0.002439,48913.0,0.00289,21
2016-10-25,245.821276109,24,16927900.5342,0.002471,68368.0,0.00279,25
2016-10-26,278.300286134,14,16155216.7391,0.002358,53832.0,0.00203,16
2016-10-27,349.300320713,35,16014483.67,0.002337,159436.0,0.00224,38
2016-10-28,129.775943742,32,14693559.2076,0.002145,64020.0,0.00178,34
2016-10-29,996.742821695,169,14354173.5105,0.002095,201667.0,0.00344,64
2016-10-30,319.618238929,13,13458906.0329,0.001964,80875.0,0.00153,15
2016-10-31,107.100421065,24,14519131.2438,0.002119,88239.0,0.00133,17
2016-11-01,17.0576859483,34,14308740.6559,0.002088,39128.0,0.00174,12
2016-11-02,53.6995772856,7,13546399.1137,0.001977,43064.0,0.00161,8
2016-11-03,17.9556579866,8,13801879.3781,0.002014,54324.0,0.00205,10
2016-11-04,17.6644658831,7,13641591.9735,0.001991,18107.0,0.00058,9
2016-11-05,21.1003025873,5,13722922.6779,0.002003,11174.0,0.00131,6
2016-11-06,9.63872909774,5,13848848.3384,0.002021,58461.0,0.00366,6
2016-11-07,53.2334502647,10,13489377.3989,0.001969,34635.0,0.00103,12
2016-11-08,1045.31399765,6,13791081.2447,0.002013,30553.0,0.00097,9
2016-11-09,40.6056158263,5,13662433.0681,0.001994,44284.0,0.00312,6
2016-11-10,4.63050710357,2,13482841.7495,0.001968,36825.0,0.0012,3
